,TPTG,TPCH,TPFC,TPA1,TPA2,TPAB,VLTG,VLCH,VLFC,VLPL,VLAB,IDTG,IDCH,IDFC,IDPL,IDAB,LDTG,LDCH,LDFC,LDPL,LDAB,HDTG,HDCH,HDFC,HDPL,HDA1,HDA2,V1TG,V1CH,V1FC,V1PL,V2TG,V2CH,V2FC,V2PL,V3TG,V3CH,V3FC,V3PL,V4TG,V4CH,V4FC,V4PL,V5TG,V5CH,V5FC,V5PL,V6TG,V6CH,V6FC,V6PL,L1TG,L1CH,L1FC,L1PL,L1AB,L2TG,L2CH,L2FC,L2PL,L2AB,L3TG,L3CH,L3FC,L3PL,L3AB,L4TG,L4CH,L4FC,L4PL,L4AB,L5TG,L5CH,L5FC,L5PL,L5AB,L6TG,L6CH,L6FC,L6PL,L6AB,H1TG,H1CH,H1FC,H1PL,H1A1,H1A2,H2TG,H2CH,H2FC,H2PL,H2A1,H2A2,H3TG,H3CH,H3FC,H3PL,H3A1,H3A2,H4TG,H4CH,H4FC,H4PL,H4A1,H4A2
TPTG,1,0.4154,0.4376,0.0188,0.3077,0.5502,0.9761,0.9193,0.9514,0.8828,0.9097,0.9359,0.6955,0.6274,0.8358,0.6869,0.5696,0.1263,0.0374,0.1229,0.3586,0.3712,-0.2348,-0.144,-0.1168,-0.033,0.3868,0.9361,0.9312,0.9069,0.8947,0.8645,0.8849,0.8942,0.8757,0.8246,0.8329,0.9162,0.8371,0.7203,0.6541,0.7522,0.6952,0.4847,0.0537,0.5349,0.3156,0.3436,-0.1676,0.2505,0.9565,0.445,-0.0932,0.0092,-0.0735,-0.0079,0.0635,-0.4269,-0.4362,-0.3984,-0.394,0.0578,-0.3278,-0.3941,-0.3382,-0.2829,0.2936,0.0836,0.0431,0.0814,0.1738,0.6585,0.462,0.5024,0.4413,0.5535,0.6717,0.6304,0.4513,0.6412,0.7242,0.152,-0.2185,-0.1925,-0.1715,-0.2414,0.0213,0.2686,-0.1737,-0.0576,0.0633,-0.0334,0.2853,0.4883,-0.0044,-0.0356,0.1273,0.1471,0.3756,0.4465,-0.0471,-0.0263,0.0488,0.1291,0.2391
TPCH,0.4154,1,0.9441,0.3905,0.4144,0.8768,0.3647,0.43,0.4494,0.3419,0.425,0.3298,0.588,0.588,0.5582,0.532,0.515,0.8725,0.8499,0.8739,0.8903,0.0043,0.2871,0.4049,0.1947,0.3558,0.44,0.2497,0.299,0.2495,0.2231,0.4195,0.4608,0.4091,0.3809,0.4569,0.4495,0.4214,0.3848,0.4086,0.4774,0.4726,0.425,0.2851,0.0334,0.1314,0.1555,0.2296,-0.1575,0.1616,0.5823,0.3907,0.5669,0.7206,0.5553,0.5881,0.3995,0.1974,0.3343,0.1766,0.2027,0.3103,0.3146,0.5264,0.3123,0.3365,0.3454,0.4352,0.6609,0.4181,0.4417,0.4339,0.4297,0.6017,0.4041,0.4773,0.455,0.5549,0.5684,0.5609,0.5357,-0.0277,0.1323,0.2452,0.0753,-0.002,0.0846,-0.0486,0.1162,0.2824,0.1688,0.122,0.1844,0.0343,0.3082,0.4255,0.2384,0.2856,0.2687,0.0534,0.3249,0.4462,0.2128,0.4498,0.37
TPFC,0.4376,0.9441,1,0.3242,0.2953,0.8721,0.3958,0.4282,0.4681,0.3553,0.4451,0.3298,0.5809,0.517,0.5256,0.506,0.5213,0.8281,0.8477,0.8217,0.8804,0.0095,0.2098,0.4174,0.1162,0.2902,0.3263,0.2858,0.3212,0.2729,0.2418,0.4545,0.4763,0.4395,0.4012,0.4799,0.4547,0.4424,0.3956,0.3953,0.4397,0.4543,0.3954,0.2676,-0.0629,0.1177,0.11,0.1864,-0.18,0.1409,0.5611,0.3588,0.4601,0.6471,0.4429,0.5041,0.3871,0.1449,0.2914,0.1112,0.164,0.3238,0.2667,0.5045,0.2631,0.3037,0.3762,0.4231,0.6613,0.406,0.4394,0.4549,0.4167,0.5968,0.3913,0.4719,0.4395,0.5592,0.561,0.5564,0.5397,0.0208,0.1271,0.26,0.0753,0.0134,0.0739,-0.0407,0.0629,0.2536,0.1228,0.1072,0.1444,0.0252,0.2126,0.4051,0.1585,0.2216,0.1968,0.0241,0.2097,0.4044,0.1013,0.3705,0.2517
TPA1,0.0188,0.3905,0.3242,1,0.7047,0.0469,-0.0762,-0.1107,-0.0612,-0.1373,-0.0587,0.0266,0.0207,0.0217,0.0232,0.091,0.1551,0.1151,0.1388,0.1723,0.0784,0.3363,0.9112,0.859,0.9154,0.9969,0.668,-0.104,-0.1447,-0.1418,-0.1658,-0.0943,-0.117,-0.1509,-0.1678,-0.0391,-0.1117,-0.0936,-0.1072,0.0742,-0.0235,0.0082,0.0123,0.305,0.0156,-0.0742,0.0433,0.1048,0.2529,0.0696,0.1398,0.2046,0.1736,0.259,0.2244,0.2127,0.2077,0.1088,0.2462,0.0985,0.0977,0.0845,0.0771,0.2739,0.1029,0.0588,-0.0125,-0.0933,0.108,-0.077,-0.105,-0.0822,-0.1664,-0.0653,-0.156,-0.1598,0.0954,0.0332,0.1234,0.116,0.0232,0.4812,0.6925,0.7458,0.7186,0.6531,0.6903,0.374,0.8179,0.838,0.8382,0.8325,0.662,0.2427,0.8624,0.8099,0.8026,0.848,0.5554,-0.1184,0.2074,0.4232,0.2198,0.3257,0.1167
TPA2,0.3077,0.4144,0.2953,0.7047,1,0.248,0.2833,0.2421,0.2446,0.2632,0.2225,0.3511,0.2216,0.2404,0.4253,0.2994,0.3202,0.1837,0.1068,0.226,0.2018,0.4042,0.5309,0.4141,0.6114,0.6913,0.9913,0.2334,0.2327,0.2487,0.2411,0.21,0.2044,0.1869,0.1994,0.2403,0.2444,0.2296,0.2368,0.281,0.2132,0.2948,0.2518,0.3112,0.0974,0.2428,0.1416,0.3868,0.365,0.0312,0.4427,0.2831,0.1136,0.1318,0.1532,0.1511,0.1576,-0.0634,0.0021,-0.0301,-0.0574,0.1302,0.0663,0.0746,0.0815,0.0631,0.1929,0.2431,0.2355,0.2601,0.2685,0.1882,0.2705,0.298,0.2778,0.2797,0.1839,0.203,0.23,0.2567,0.2292,0.2106,0.1905,0.2814,0.2502,0.1545,0.4085,0.369,0.5225,0.6476,0.6588,0.5319,0.7328,0.527,0.7876,0.7439,0.7843,0.7839,0.8804,0.3476,0.4212,0.5042,0.5363,0.4472,0.5777
TPAB,0.5502,0.8768,0.8721,0.0469,0.248,1,0.5209,0.5633,0.5801,0.4907,0.5871,0.4359,0.6581,0.6335,0.672,0.6239,0.7022,0.8507,0.796,0.8554,0.9546,0.0365,-0.0968,0.0413,-0.1397,0.0087,0.3019,0.4146,0.4604,0.4303,0.4175,0.5693,0.5988,0.586,0.5517,0.5844,0.593,0.5804,0.5598,0.4848,0.5812,0.5726,0.5346,0.2535,0.0252,0.1897,0.1549,0.2693,-0.1931,0.101,0.6607,0.5021,0.4336,0.5296,0.4204,0.5002,0.446,0.1003,0.1598,0.0989,0.1429,0.468,0.2885,0.3295,0.285,0.3478,0.5378,0.504,0.6708,0.4883,0.5497,0.6655,0.59,0.7595,0.5609,0.6681,0.5792,0.6748,0.6401,0.6516,0.6731,-0.1083,-0.1958,-0.114,-0.2391,-0.3008,-0.1553,-0.0363,-0.2093,-0.0505,-0.1163,-0.1745,0.0299,0.1186,-0.0043,0.1555,0.0015,0.0421,0.1535,0.211,0.234,0.328,0.1544,0.3793,0.4012
VLTG,0.9761,0.3647,0.3958,-0.0762,0.2833,0.5209,1,0.9256,0.9554,0.9351,0.8866,0.9025,0.6301,0.5629,0.7947,0.5949,0.4643,0.1161,0.0205,0.095,0.3318,0.3196,-0.3165,-0.2189,-0.219,-0.1265,0.3605,0.9569,0.9561,0.9439,0.9387,0.8896,0.8947,0.9091,0.9165,0.839,0.8572,0.9268,0.8598,0.6812,0.6087,0.72,0.6495,0.3922,0.0271,0.5691,0.2927,0.3749,-0.1443,0.217,0.9255,0.3117,-0.1519,-0.0571,-0.1495,-0.0859,-0.0351,-0.4517,-0.4767,-0.4226,-0.4262,-0.0251,-0.3353,-0.4194,-0.3528,-0.2971,0.2412,0.1686,0.0461,0.1628,0.2484,0.6253,0.5588,0.549,0.5378,0.6288,0.6269,0.6386,0.4553,0.6374,0.7216,0.0676,-0.2942,-0.2618,-0.2556,-0.3212,-0.0635,0.1974,-0.2579,-0.1343,-0.0282,-0.1235,0.2312,0.4594,-0.0876,-0.0948,0.0405,0.0582,0.3534,0.5078,0.0052,-0.0359,0.1103,0.1348,0.2921
VLCH,0.9193,0.43,0.4282,-0.1107,0.2421,0.5633,0.9256,1,0.9833,0.9483,0.9453,0.8518,0.7811,0.767,0.8848,0.7366,0.5004,0.1657,0.0769,0.154,0.3631,0.3408,-0.3559,-0.2505,-0.2383,-0.162,0.3066,0.8232,0.8966,0.8417,0.835,0.8769,0.944,0.9218,0.9152,0.8925,0.9563,0.9544,0.907,0.8041,0.8158,0.8841,0.8153,0.4948,0.2633,0.6431,0.5144,0.3577,-0.244,0.1043,0.8951,0.3765,-0.0093,0.081,-0.0028,0.0394,0.0096,-0.4206,-0.4453,-0.3848,-0.3941,0.0189,-0.3073,-0.3936,-0.3191,-0.2727,0.3274,0.232,0.076,0.2298,0.3123,0.6702,0.5965,0.5782,0.5805,0.6608,0.5976,0.577,0.4102,0.5703,0.6647,0.0299,-0.3541,-0.312,-0.3093,-0.3634,-0.1287,0.1948,-0.2963,-0.1661,-0.078,-0.1869,0.1562,0.4732,-0.1131,-0.1052,0.007,0.0156,0.3099,0.5931,0.0683,0.0241,0.1924,0.1754,0.3231
VLFC,0.9514,0.4494,0.4681,-0.0612,0.2446,0.5801,0.9554,0.9833,1,0.942,0.963,0.8649,0.753,0.7146,0.8581,0.714,0.4905,0.1734,0.0875,0.1582,0.3778,0.3105,-0.3116,-0.1891,-0.2181,-0.1147,0.3148,0.8626,0.9023,0.8583,0.8499,0.885,0.9311,0.9227,0.9065,0.8983,0.9315,0.964,0.9059,0.8106,0.7824,0.8638,0.8006,0.5279,0.1906,0.6091,0.4702,0.3192,-0.2783,0.1808,0.9117,0.3719,-0.048,0.0629,-0.0427,0.0112,-0.0036,-0.4308,-0.4429,-0.4064,-0.4045,-0.0031,-0.325,-0.3856,-0.3389,-0.292,0.2854,0.1861,0.0838,0.1808,0.2638,0.6506,0.5635,0.5748,0.5419,0.6349,0.6235,0.6247,0.4463,0.6201,0.7065,0.0438,-0.3179,-0.2802,-0.282,-0.3424,-0.1142,0.1802,-0.2744,-0.1471,-0.057,-0.1547,0.163,0.4335,-0.0905,-0.0758,0.0247,0.0521,0.294,0.5209,0.0662,0.0541,0.1497,0.2097,0.3125
VLPL,0.8828,0.3419,0.3553,-0.1373,0.2632,0.4907,0.9351,0.9483,0.942,1,0.8751,0.8119,0.6288,0.5962,0.8009,0.5936,0.4171,0.118,0.0231,0.0966,0.3071,0.3567,-0.3648,-0.2707,-0.2575,-0.1835,0.3231,0.8573,0.9097,0.8877,0.8889,0.8388,0.8699,0.8573,0.9,0.8285,0.9033,0.9001,0.8593,0.7242,0.6947,0.7919,0.7145,0.4266,0.2614,0.7497,0.4894,0.4368,-0.1316,0.1033,0.8441,0.28,-0.0985,-0.0143,-0.0993,-0.0552,-0.0378,-0.4338,-0.4689,-0.4054,-0.4123,-0.0194,-0.322,-0.4186,-0.3373,-0.2904,0.2868,0.3493,0.0549,0.3478,0.4155,0.6083,0.7035,0.599,0.6948,0.7316,0.5434,0.5576,0.3813,0.5501,0.6302,0.0307,-0.3367,-0.3099,-0.2945,-0.3442,-0.1137,0.1767,-0.2989,-0.1869,-0.0737,-0.1842,0.2074,0.5093,-0.1406,-0.1357,-0.0143,-0.0052,0.3677,0.7077,0.1143,-0.0369,0.303,0.1451,0.3486
VLAB,0.9097,0.425,0.4451,-0.0587,0.2225,0.5871,0.8866,0.9453,0.963,0.8751,1,0.81,0.7455,0.7139,0.8702,0.7506,0.5718,0.1632,0.0791,0.164,0.3744,0.3249,-0.3162,-0.2157,-0.2044,-0.1078,0.2894,0.7648,0.7996,0.7544,0.747,0.8505,0.8781,0.8911,0.8502,0.9121,0.9158,0.9528,0.9179,0.9021,0.8641,0.9228,0.8989,0.6375,0.2648,0.5383,0.5436,0.2481,-0.3267,0.1409,0.8708,0.4637,-0.0468,0.0558,-0.0281,0.0321,0.0779,-0.4206,-0.4347,-0.3961,-0.3808,0.0996,-0.3073,-0.384,-0.3139,-0.2657,0.3832,0.1429,0.1003,0.143,0.2312,0.6724,0.4844,0.5379,0.465,0.5739,0.6032,0.5656,0.3996,0.5627,0.6476,0.0624,-0.3504,-0.3263,-0.301,-0.3545,-0.122,0.2256,-0.265,-0.1405,-0.0505,-0.1482,0.1502,0.4427,-0.0735,-0.052,0.0463,0.0765,0.2686,0.4735,0.0367,0.0924,0.1038,0.2115,0.282
IDTG,0.9359,0.3298,0.3298,0.0266,0.3511,0.4359,0.9025,0.8518,0.8649,0.8119,0.81,1,0.6775,0.6036,0.8453,0.6763,0.5263,0.0396,-0.0492,0.0359,0.2434,0.4139,-0.1847,-0.1477,-0.0752,-0.0179,0.4126,0.8894,0.9099,0.8743,0.8608,0.7343,0.7949,0.8154,0.7613,0.7097,0.7603,0.8404,0.7365,0.6238,0.5841,0.6839,0.6191,0.4021,0.0851,0.5825,0.2613,0.4356,-0.0594,0.2998,0.8995,0.4978,-0.0315,0.039,-0.0107,0.0458,0.077,-0.3361,-0.3488,-0.3024,-0.3102,0.0431,-0.2801,-0.376,-0.2939,-0.2478,0.1912,0.0317,-0.0636,0.0304,0.1095,0.5267,0.3759,0.3835,0.3576,0.4513,0.5912,0.5277,0.3706,0.5431,0.6381,0.2137,-0.1534,-0.1577,-0.1121,-0.1768,0.0761,0.3005,-0.1139,-0.0411,0.0902,-0.0029,0.327,0.5097,0.0096,-0.0453,0.1287,0.1473,0.4109,0.4825,-0.0405,-0.0571,0.0761,0.066,0.2449
IDCH,0.6955,0.588,0.5809,0.0207,0.2216,0.6581,0.6301,0.7811,0.753,0.6288,0.7455,0.6775,1,0.8795,0.843,0.9531,0.6122,0.3211,0.2869,0.3335,0.498,0.2807,-0.1675,-0.0439,-0.09,-0.0213,0.2717,0.5423,0.6475,0.5479,0.5284,0.6162,0.7553,0.6825,0.6232,0.6427,0.7347,0.7,0.6406,0.6418,0.7788,0.7781,0.7176,0.4614,0.2454,0.4442,0.4401,0.2765,-0.2412,0.1703,0.7256,0.5944,0.3392,0.4482,0.3609,0.4271,0.2734,-0.2046,-0.1621,-0.175,-0.1584,0.215,-0.1561,-0.1533,-0.1564,-0.1055,0.3583,0.1116,0.1334,0.114,0.1891,0.6029,0.3639,0.4435,0.3439,0.4557,0.4959,0.502,0.4147,0.4928,0.58,0.0935,-0.1965,-0.1756,-0.176,-0.2281,-0.0623,0.191,-0.1403,-0.0201,-0.0029,-0.0508,0.1316,0.3722,0.018,0.0687,0.0948,0.1206,0.2539,0.3562,0.0092,0.119,0.0649,0.1654,0.2237
IDFC,0.6274,0.588,0.517,0.0217,0.2404,0.6335,0.5629,0.767,0.7146,0.5962,0.7139,0.6036,0.8795,1,0.8261,0.8632,0.5751,0.3597,0.3227,0.3819,0.4928,0.2846,-0.192,-0.0824,-0.073,-0.0206,0.2823,0.4319,0.5787,0.4662,0.4475,0.5847,0.724,0.6701,0.6001,0.6345,0.7324,0.6637,0.6186,0.6538,0.8094,0.8013,0.734,0.4774,0.3894,0.4301,0.5238,0.3298,-0.3031,-0.0201,0.6888,0.5482,0.3613,0.4523,0.3916,0.4063,0.2322,-0.2043,-0.1766,-0.1588,-0.1704,0.2219,-0.0776,-0.0628,-0.0694,-0.0397,0.4315,0.2528,0.2915,0.2563,0.3241,0.5914,0.4192,0.5085,0.4043,0.4913,0.4679,0.3863,0.3207,0.3845,0.4671,-0.0009,-0.2766,-0.2134,-0.2408,-0.3062,-0.1145,0.1746,-0.1944,-0.035,-0.0309,-0.1266,0.0583,0.3724,0.0549,0.0521,0.1121,0.1113,0.2284,0.4265,0.1751,0.2399,0.224,0.3057,0.3351
IDPL,0.8358,0.5582,0.5256,0.0232,0.4253,0.672,0.7947,0.8848,0.8581,0.8009,0.8702,0.8453,0.843,0.8261,1,0.8577,0.685,0.3229,0.2304,0.3376,0.4912,0.429,-0.2235,-0.177,-0.0859,-0.0192,0.4769,0.6933,0.7732,0.7131,0.7038,0.7247,0.8093,0.799,0.749,0.7728,0.8511,0.8445,0.8082,0.7785,0.8307,0.8892,0.8328,0.5308,0.2998,0.5748,0.4903,0.4574,-0.0769,0.1013,0.8816,0.6165,0.2287,0.3036,0.2534,0.3057,0.3053,-0.2401,-0.2451,-0.2032,-0.1932,0.2982,-0.0999,-0.1939,-0.1008,-0.0476,0.4896,0.3079,0.2441,0.3119,0.397,0.6624,0.5269,0.5703,0.5126,0.6072,0.5045,0.4703,0.3478,0.4726,0.563,0.1277,-0.2858,-0.249,-0.2266,-0.2962,-0.0027,0.3193,-0.1542,0.0056,0.0631,-0.0573,0.315,0.5701,0.0658,0.0843,0.1749,0.1844,0.4756,0.5599,0.0806,0.1296,0.2082,0.196,0.3706
IDAB,0.6869,0.532,0.506,0.091,0.2994,0.6239,0.5949,0.7366,0.714,0.5936,0.7506,0.6763,0.9531,0.8632,0.8577,1,0.7189,0.2462,0.2031,0.281,0.452,0.3883,-0.1074,-0.0344,0.0095,0.0504,0.3524,0.507,0.5998,0.5014,0.4802,0.5245,0.6612,0.6062,0.5346,0.574,0.6714,0.6492,0.5862,0.6905,0.8038,0.8085,0.7637,0.601,0.3407,0.4859,0.5046,0.2989,-0.1872,0.1742,0.705,0.7177,0.2926,0.3982,0.3411,0.4125,0.3634,-0.2462,-0.2041,-0.2127,-0.1876,0.3129,-0.1968,-0.2036,-0.1878,-0.1364,0.4505,0.0859,0.1079,0.0992,0.1761,0.6332,0.3347,0.4204,0.3218,0.4342,0.503,0.4564,0.3626,0.464,0.5472,0.1929,-0.1529,-0.1549,-0.1085,-0.1716,0.0343,0.3071,-0.0499,0.0567,0.1177,0.0498,0.2439,0.4788,0.1192,0.1052,0.2128,0.2252,0.3529,0.3852,-0.0077,0.1028,0.0839,0.1463,0.2081
LDTG,0.5696,0.515,0.5213,0.1551,0.3202,0.7022,0.4643,0.5004,0.4905,0.4171,0.5718,0.5263,0.6122,0.5751,0.685,0.7189,1,0.3911,0.3652,0.4735,0.6174,0.4501,-0.0294,0.0115,0.1156,0.134,0.3639,0.3936,0.4482,0.4099,0.3929,0.461,0.5069,0.5173,0.4485,0.4672,0.4999,0.4993,0.4778,0.4829,0.552,0.5496,0.5461,0.3677,0.1283,0.2369,0.1757,0.39,0.0956,-0.0369,0.627,0.8457,0.2343,0.3072,0.309,0.4081,0.6651,-0.0814,-0.0566,-0.0452,0.0069,0.733,0.0522,0.0309,0.0846,0.1586,0.8017,0.2449,0.3522,0.2701,0.3569,0.8001,0.3805,0.5313,0.3855,0.4973,0.6286,0.4388,0.4122,0.4664,0.5093,0.3204,-0.0383,-0.0294,0.0173,-0.0345,0.1964,0.3953,0.0241,0.114,0.193,0.1298,0.3584,0.5104,0.1456,0.1636,0.2542,0.2598,0.3831,0.3397,-0.0844,0.0975,0.0494,0.0776,0.1248
LDCH,0.1263,0.8725,0.8281,0.1151,0.1837,0.8507,0.1161,0.1657,0.1734,0.118,0.1632,0.0396,0.3211,0.3597,0.3229,0.2462,0.3911,1,0.9627,0.9887,0.9296,-0.1728,0.0969,0.1766,-0.0414,0.0973,0.1956,0.0346,0.0664,0.0681,0.0597,0.2272,0.2286,0.2077,0.2006,0.2424,0.2274,0.1841,0.206,0.1418,0.252,0.2132,0.1939,-0.0201,-0.0311,-0.0719,-0.0231,0.1306,-0.0998,0.0469,0.3153,0.2461,0.6347,0.6786,0.5916,0.614,0.451,0.4431,0.5135,0.4222,0.4491,0.4404,0.6101,0.6991,0.6031,0.6314,0.3579,0.5924,0.8192,0.5641,0.5728,0.3168,0.4348,0.5956,0.4071,0.4549,0.2469,0.4138,0.4609,0.383,0.3524,-0.208,-0.0314,0.0554,-0.1201,-0.1601,-0.1305,-0.2013,-0.0852,0.0183,-0.1226,-0.1434,-0.0716,-0.1538,0.047,0.2251,-0.0403,-0.003,0.019,-0.02,0.3273,0.3819,0.1652,0.3807,0.3551
LDFC,0.0374,0.8499,0.8477,0.1388,0.1068,0.796,0.0205,0.0769,0.0875,0.0231,0.0791,-0.0492,0.2869,0.3227,0.2304,0.2031,0.3652,0.9627,1,0.9565,0.9097,-0.2578,0.1349,0.2981,-0.0111,0.1278,0.1144,-0.0766,-0.0191,-0.0514,-0.0698,0.1545,0.1666,0.1468,0.1135,0.1739,0.1572,0.1,0.096,0.0576,0.1744,0.1317,0.0965,-0.0674,-0.1059,-0.1291,-0.095,0.1314,-0.148,-0.0031,0.2088,0.2295,0.6152,0.7361,0.5818,0.6128,0.4458,0.4089,0.5382,0.3764,0.4176,0.4192,0.5514,0.7887,0.5511,0.5816,0.3636,0.5548,0.8163,0.5313,0.5372,0.2703,0.3517,0.5318,0.3301,0.3721,0.2188,0.3406,0.4239,0.3185,0.2795,-0.2261,0.036,0.1572,-0.0521,-0.0888,-0.1089,-0.2853,-0.071,0.0931,-0.0997,-0.1026,-0.1141,-0.2439,0.0762,0.2823,-0.0347,0.0128,-0.0392,-0.1074,0.3121,0.4269,0.1417,0.3713,0.2659
LDPL,0.1229,0.8739,0.8217,0.1723,0.226,0.8554,0.095,0.154,0.1582,0.0966,0.164,0.0359,0.3335,0.3819,0.3376,0.281,0.4735,0.9887,0.9565,1,0.9355,-0.1003,0.1377,0.2101,0.0403,0.159,0.2348,0.0117,0.0504,0.0495,0.0406,0.2186,0.224,0.201,0.1859,0.2332,0.2182,0.1683,0.1969,0.1412,0.258,0.2161,0.2018,0.0093,0.0005,-0.077,-0.0031,0.1415,-0.0666,0.0041,0.3197,0.3351,0.6574,0.6947,0.631,0.6593,0.5392,0.4531,0.5192,0.4406,0.4715,0.5371,0.6255,0.707,0.6289,0.6588,0.4401,0.5887,0.8289,0.5681,0.5816,0.3552,0.4126,0.5852,0.3913,0.4412,0.2636,0.378,0.4344,0.3582,0.3281,-0.144,-0.0039,0.0784,-0.0731,-0.1203,-0.0648,-0.1198,-0.0254,0.0754,-0.0442,-0.0712,0.0021,-0.0755,0.1167,0.2838,0.049,0.0834,0.0813,-0.0004,0.3077,0.4026,0.1844,0.3749,0.3342
LDAB,0.3586,0.8903,0.8804,0.0784,0.2018,0.9546,0.3318,0.3631,0.3778,0.3071,0.3744,0.2434,0.498,0.4928,0.4912,0.452,0.6174,0.9296,0.9097,0.9355,1,-0.102,-0.0064,0.1399,-0.0805,0.0521,0.2472,0.2404,0.2884,0.26,0.2432,0.4059,0.4323,0.4093,0.3865,0.397,0.4019,0.3736,0.3517,0.2812,0.393,0.3681,0.3296,0.1122,-0.0516,0.0534,0.0184,0.2226,-0.1489,0.0947,0.4961,0.409,0.487,0.6181,0.4704,0.5365,0.482,0.2009,0.2908,0.1849,0.2329,0.481,0.3742,0.5213,0.3752,0.4295,0.5285,0.5569,0.7675,0.5398,0.5842,0.5786,0.5492,0.7342,0.524,0.6107,0.4822,0.5984,0.6129,0.5805,0.5721,-0.1734,-0.093,0,-0.1528,-0.2147,-0.1156,-0.1567,-0.1579,0.0163,-0.0846,-0.1358,0.0062,-0.0234,0.046,0.2074,0.0129,0.0467,0.1085,0.0799,0.2617,0.355,0.1608,0.3665,0.3435
HDTG,0.3712,0.0043,0.0095,0.3363,0.4042,0.0365,0.3196,0.3408,0.3105,0.3567,0.3249,0.4139,0.2807,0.2846,0.429,0.3883,0.4501,-0.1728,-0.2578,-0.1003,-0.102,1,0.1686,0.0278,0.4435,0.3317,0.3814,0.3404,0.3368,0.3928,0.4014,0.256,0.2588,0.2503,0.2853,0.2421,0.2962,0.2849,0.3554,0.3154,0.3115,0.3643,0.3727,0.3115,0.4679,0.3847,0.4642,0.2537,0.4509,-0.226,0.4265,0.4804,0.1483,-0.0293,0.2098,0.2124,0.4312,0.0003,-0.1438,0.0896,0.0538,0.4617,0.0527,-0.3167,0.0821,0.0939,0.3492,0.0505,-0.1113,0.0824,0.1171,0.2781,0.1112,0.019,0.1348,0.1363,0.0664,-0.0823,-0.1556,-0.0426,0.0067,0.8282,0.2422,0.1466,0.3729,0.3509,0.581,0.9514,0.4084,0.2453,0.5012,0.4783,0.6598,0.9135,0.2376,0.139,0.4313,0.3945,0.5522,0.5415,-0.3085,-0.2338,0.0434,-0.253,-0.1283
HDCH,-0.2348,0.2871,0.2098,0.9112,0.5309,-0.0968,-0.3165,-0.3559,-0.3116,-0.3648,-0.3162,-0.1847,-0.1675,-0.192,-0.2235,-0.1074,-0.0294,0.0969,0.1349,0.1377,-0.0064,0.1686,1,0.8908,0.9072,0.9235,0.4764,-0.314,-0.3675,-0.3538,-0.3769,-0.3373,-0.3616,-0.4054,-0.4117,-0.282,-0.3608,-0.3404,-0.3524,-0.1219,-0.2202,-0.2224,-0.1973,0.1603,0.0114,-0.1772,-0.0678,-0.0284,0.3183,0.1299,-0.1079,0.0707,0.2568,0.2914,0.2853,0.2616,0.1855,0.333,0.468,0.3091,0.2986,0.0122,0.1995,0.3867,0.2144,0.1583,-0.211,-0.2034,-0.0114,-0.195,-0.2537,-0.2896,-0.3113,-0.2368,-0.3019,-0.3319,-0.014,-0.0413,0.086,0.0372,-0.0855,0.4504,0.8525,0.8574,0.8271,0.7882,0.7223,0.2489,0.9028,0.82,0.7843,0.8288,0.5657,0.0087,0.7793,0.7057,0.6669,0.6833,0.3852,-0.3269,0.1212,0.2809,0.0857,0.1206,-0.0542
HDFC,-0.144,0.4049,0.4174,0.859,0.4141,0.0413,-0.2189,-0.2505,-0.1891,-0.2707,-0.2157,-0.1477,-0.0439,-0.0824,-0.177,-0.0344,0.0115,0.1766,0.2981,0.2101,0.1399,0.0278,0.8908,1,0.7913,0.8641,0.3816,-0.257,-0.2705,-0.31,-0.3476,-0.2028,-0.2065,-0.2598,-0.2928,-0.1574,-0.2356,-0.231,-0.2937,-0.0937,-0.1699,-0.1593,-0.1857,0.1646,-0.1266,-0.1348,-0.1068,0.0052,0.1169,0.1054,-0.0599,0.0663,0.2002,0.3708,0.2272,0.2374,0.1357,0.1873,0.3996,0.1415,0.1649,-0.0399,0.0801,0.4627,0.0966,0.0593,-0.1514,-0.1316,0.087,-0.1251,-0.1674,-0.2061,-0.2352,-0.1319,-0.2276,-0.2454,0.1004,0.0565,0.1843,0.1294,0.0207,0.3146,0.7775,0.8746,0.7486,0.6956,0.5996,0.0663,0.7264,0.8085,0.6922,0.727,0.4362,-0.0932,0.7138,0.7561,0.5935,0.6428,0.2878,-0.3338,0.1844,0.4163,0.1264,0.2399,-0.0423
HDPL,-0.1168,0.1947,0.1162,0.9154,0.6114,-0.1397,-0.219,-0.2383,-0.2181,-0.2575,-0.2044,-0.0752,-0.09,-0.073,-0.0859,0.0095,0.1156,-0.0414,-0.0111,0.0403,-0.0805,0.4435,0.9072,0.7913,1,0.9339,0.5616,-0.2069,-0.2428,-0.2308,-0.2498,-0.2291,-0.2438,-0.2939,-0.2897,-0.208,-0.2612,-0.255,-0.2455,-0.0583,-0.1425,-0.122,-0.1056,0.2559,0.1453,-0.071,0.0936,0.0309,0.3945,-0.0423,0.0073,0.201,0.2102,0.216,0.2727,0.2476,0.2897,0.2052,0.2816,0.2195,0.2017,0.1629,0.123,0.2212,0.16,0.1134,-0.0049,-0.1876,-0.0387,-0.1603,-0.1896,-0.1515,-0.3017,-0.2427,-0.2768,-0.3005,-0.0289,-0.1636,-0.0644,-0.0659,-0.1543,0.6033,0.7756,0.7816,0.8392,0.7803,0.8447,0.5268,0.9373,0.8828,0.9383,0.9347,0.7662,0.3429,0.8691,0.7427,0.8598,0.8423,0.5905,-0.1429,-0.0209,0.2085,0.1163,0.0182,-0.1275
HDA1,-0.033,0.3558,0.2902,0.9969,0.6913,0.0087,-0.1265,-0.162,-0.1147,-0.1835,-0.1078,-0.0179,-0.0213,-0.0206,-0.0192,0.0504,0.134,0.0973,0.1278,0.159,0.0521,0.3317,0.9235,0.8641,0.9339,1,0.6491,-0.1495,-0.1889,-0.1828,-0.2058,-0.1341,-0.1613,-0.1934,-0.2103,-0.0823,-0.1571,-0.1432,-0.1499,0.0271,-0.0704,-0.0405,-0.0329,0.2722,0.0135,-0.1011,0.024,0.0929,0.2799,0.0513,0.0913,0.1963,0.1824,0.2593,0.2346,0.2231,0.2253,0.1427,0.2761,0.1324,0.1334,0.1019,0.1022,0.2953,0.1303,0.085,-0.0184,-0.0994,0.0989,-0.0816,-0.113,-0.1196,-0.2004,-0.1039,-0.1872,-0.1979,0.053,-0.0181,0.0834,0.0664,-0.029,0.4887,0.7089,0.7556,0.7385,0.6754,0.708,0.3801,0.8392,0.8516,0.8512,0.8508,0.6705,0.2389,0.8715,0.8197,0.8127,0.8557,0.5544,-0.1374,0.1916,0.4178,0.216,0.296,0.0867
HDA2,0.3868,0.44,0.3263,0.668,0.9913,0.3019,0.3605,0.3066,0.3148,0.3231,0.2894,0.4126,0.2717,0.2823,0.4769,0.3524,0.3639,0.1956,0.1144,0.2348,0.2472,0.3814,0.4764,0.3816,0.5616,0.6491,1,0.3123,0.3065,0.318,0.3077,0.2689,0.2685,0.2501,0.2623,0.2864,0.2916,0.29,0.2824,0.3234,0.2521,0.3415,0.2894,0.3506,0.07,0.27,0.1414,0.3891,0.3255,0.0818,0.5055,0.305,0.0737,0.1189,0.1136,0.1236,0.1505,-0.1283,-0.0583,-0.0988,-0.1181,0.1177,0.0075,0.0286,0.0205,0.0112,0.2178,0.2397,0.2391,0.2555,0.2755,0.2588,0.3138,0.3514,0.3175,0.335,0.2461,0.2795,0.285,0.3315,0.3104,0.1759,0.1448,0.2417,0.2064,0.1024,0.3767,0.3407,0.465,0.6197,0.6353,0.4944,0.7223,0.5262,0.7632,0.7132,0.7707,0.7682,0.8815,0.3512,0.4134,0.4888,0.5217,0.4587,0.5945
V1TG,0.9361,0.2497,0.2858,-0.104,0.2334,0.4146,0.9569,0.8232,0.8626,0.8573,0.7648,0.8894,0.5423,0.4319,0.6933,0.507,0.3936,0.0346,-0.0766,0.0117,0.2404,0.3404,-0.314,-0.257,-0.2069,-0.1495,0.3123,1,0.9563,0.9768,0.9737,0.7861,0.7914,0.8045,0.8283,0.6771,0.7069,0.8119,0.7355,0.513,0.4329,0.5583,0.4854,0.2921,-0.0477,0.5432,0.1826,0.3505,-0.039,0.3068,0.8686,0.28,-0.1689,-0.126,-0.1704,-0.1071,-0.0314,-0.3833,-0.4426,-0.3567,-0.3596,-0.0281,-0.306,-0.4655,-0.3269,-0.2697,0.137,0.0855,-0.0471,0.0761,0.16,0.5332,0.4654,0.4319,0.4431,0.5281,0.5474,0.5839,0.3811,0.5823,0.6667,0.1286,-0.2389,-0.2522,-0.2007,-0.2579,-0.005,0.2411,-0.219,-0.1674,-0.0088,-0.0872,0.2675,0.4678,-0.1192,-0.1725,0.0307,0.0432,0.3451,0.4546,-0.1164,-0.1956,0.0122,0.0006,0.1877
V1CH,0.9312,0.299,0.3212,-0.1447,0.2327,0.4604,0.9561,0.8966,0.9023,0.9097,0.7996,0.9099,0.6475,0.5787,0.7732,0.5998,0.4482,0.0664,-0.0191,0.0504,0.2884,0.3368,-0.3675,-0.2705,-0.2428,-0.1889,0.3065,0.9563,1,0.9674,0.9574,0.8056,0.8656,0.8719,0.8663,0.7204,0.8091,0.8559,0.7614,0.533,0.5195,0.6368,0.5339,0.2749,0.0233,0.6323,0.2345,0.4836,-0.0761,0.2308,0.8731,0.3334,-0.111,-0.0217,-0.1055,-0.0421,-0.0146,-0.4176,-0.4516,-0.3861,-0.3901,-0.0071,-0.3276,-0.4185,-0.3434,-0.2838,0.2203,0.1892,-0.0027,0.1852,0.2693,0.5888,0.5545,0.5021,0.5386,0.61,0.576,0.5678,0.3877,0.5668,0.6671,0.0773,-0.2912,-0.2809,-0.2466,-0.3105,-0.0545,0.1962,-0.2818,-0.1792,-0.044,-0.1367,0.2349,0.4904,-0.1311,-0.1705,0.0121,0.0243,0.3579,0.5648,-0.0373,-0.1288,0.1294,0.0447,0.241
V1FC,0.9069,0.2495,0.2729,-0.1418,0.2487,0.4303,0.9439,0.8417,0.8583,0.8877,0.7544,0.8743,0.5479,0.4662,0.7131,0.5014,0.4099,0.0681,-0.0514,0.0495,0.26,0.3928,-0.3538,-0.31,-0.2308,-0.1828,0.318,0.9768,0.9674,1,0.9945,0.8054,0.8176,0.8288,0.8635,0.6942,0.7475,0.8162,0.762,0.4937,0.4511,0.5676,0.4906,0.2238,0.0289,0.5812,0.2144,0.4072,0.0177,0.2301,0.864,0.2959,-0.1131,-0.1002,-0.1167,-0.0598,0.0059,-0.3362,-0.4191,-0.298,-0.3091,0.029,-0.2378,-0.4428,-0.2565,-0.2001,0.1876,0.1922,-0.0092,0.1847,0.2649,0.5513,0.5487,0.4785,0.531,0.5972,0.5199,0.5571,0.3683,0.5484,0.6393,0.1262,-0.2809,-0.3015,-0.2393,-0.2919,-0.0316,0.2635,-0.257,-0.2194,-0.0499,-0.1364,0.2579,0.5242,-0.1592,-0.1954,-0.0014,0.0061,0.3591,0.5745,-0.0606,-0.1783,0.1105,0.0152,0.2469
V1PL,0.8947,0.2231,0.2418,-0.1658,0.2411,0.4175,0.9387,0.835,0.8499,0.8889,0.747,0.8608,0.5284,0.4475,0.7038,0.4802,0.3929,0.0597,-0.0698,0.0406,0.2432,0.4014,-0.3769,-0.3476,-0.2498,-0.2058,0.3077,0.9737,0.9574,0.9945,1,0.8049,0.81,0.8217,0.8652,0.6944,0.7459,0.8138,0.7722,0.4895,0.4454,0.5598,0.49,0.208,0.0409,0.579,0.2231,0.406,0.0309,0.2101,0.8534,0.2785,-0.117,-0.1279,-0.1232,-0.0692,-0.0004,-0.3254,-0.4254,-0.282,-0.2983,0.0327,-0.2202,-0.4617,-0.2391,-0.1839,0.1835,0.2028,-0.0131,0.1947,0.2743,0.5441,0.5578,0.4786,0.5402,0.6034,0.5064,0.5451,0.3539,0.5336,0.6256,0.1204,-0.3076,-0.3369,-0.2653,-0.3145,-0.0503,0.2748,-0.2721,-0.2491,-0.0734,-0.1579,0.2488,0.5344,-0.1836,-0.219,-0.0191,-0.0128,0.3512,0.5906,-0.0613,-0.1919,0.1158,0.0086,0.2542
V2TG,0.8645,0.4195,0.4545,-0.0943,0.21,0.5693,0.8896,0.8769,0.885,0.8388,0.8505,0.7343,0.6162,0.5847,0.7247,0.5245,0.461,0.2272,0.1545,0.2186,0.4059,0.256,-0.3373,-0.2028,-0.2291,-0.1341,0.2689,0.7861,0.8056,0.8054,0.8049,1,0.9513,0.9479,0.9802,0.9466,0.8918,0.9143,0.9201,0.6724,0.6371,0.6839,0.6558,0.2632,0.0128,0.3298,0.2823,0.2053,-0.2266,-0.0172,0.8712,0.2602,-0.0646,-0.0063,-0.0663,-0.0153,-0.0042,-0.37,-0.4055,-0.3234,-0.3378,0.0435,-0.2065,-0.292,-0.214,-0.1643,0.3263,0.1894,0.1567,0.1856,0.2692,0.6453,0.5028,0.5444,0.4857,0.5855,0.6142,0.5855,0.4695,0.5734,0.6501,-0.0184,-0.3598,-0.2856,-0.3231,-0.3748,-0.1523,0.1571,-0.3111,-0.1524,-0.1149,-0.1989,0.0958,0.3874,-0.1124,-0.0114,0.0002,0.0149,0.2328,0.4408,0.0397,0.1201,0.1111,0.2085,0.3014
V2CH,0.8849,0.4608,0.4763,-0.117,0.2044,0.5988,0.8947,0.944,0.9311,0.8699,0.8781,0.7949,0.7553,0.724,0.8093,0.6612,0.5069,0.2286,0.1666,0.224,0.4323,0.2588,-0.3616,-0.2065,-0.2438,-0.1613,0.2685,0.7914,0.8656,0.8176,0.81,0.9513,1,0.9696,0.9643,0.9184,0.9419,0.9368,0.9035,0.6771,0.7134,0.7578,0.6945,0.2934,0.0702,0.4439,0.3243,0.2917,-0.2395,0.0349,0.8823,0.3433,0.0126,0.1056,0.0167,0.0686,0.0305,-0.3876,-0.409,-0.3425,-0.3551,0.0475,-0.255,-0.3069,-0.2615,-0.2105,0.3457,0.1907,0.1271,0.1882,0.2783,0.6961,0.5413,0.5786,0.5235,0.6264,0.642,0.6066,0.477,0.5975,0.6909,-0.0224,-0.3612,-0.2896,-0.3228,-0.3816,-0.1556,0.1339,-0.3367,-0.1648,-0.1174,-0.2174,0.0981,0.3969,-0.1249,-0.0508,-0.0087,0.005,0.2446,0.4882,0.0484,0.1024,0.1382,0.1995,0.3075
V2FC,0.8942,0.4091,0.4395,-0.1509,0.1869,0.586,0.9091,0.9218,0.9227,0.8573,0.8911,0.8154,0.6825,0.6701,0.799,0.6062,0.5173,0.2077,0.1468,0.201,0.4093,0.2503,-0.4054,-0.2598,-0.2939,-0.1934,0.2501,0.8045,0.8719,0.8288,0.8217,0.9479,0.9696,1,0.9542,0.93,0.9387,0.9584,0.9193,0.6712,0.6786,0.7382,0.6818,0.2611,0.0094,0.4001,0.2561,0.3407,-0.2503,0.0364,0.8766,0.3567,-0.0376,0.0542,-0.0327,0.0274,0.0302,-0.3864,-0.4078,-0.3409,-0.3507,0.0758,-0.228,-0.2869,-0.236,-0.18,0.3502,0.188,0.1515,0.1838,0.2766,0.6633,0.5045,0.557,0.4846,0.5933,0.6211,0.5695,0.4401,0.5572,0.6579,-0.0254,-0.4084,-0.3465,-0.3691,-0.4259,-0.1899,0.1335,-0.3802,-0.2161,-0.1644,-0.2542,0.065,0.386,-0.1627,-0.0889,-0.0478,-0.0185,0.2118,0.4754,0.0433,0.1101,0.1055,0.2093,0.3139
V2PL,0.8757,0.3809,0.4012,-0.1678,0.1994,0.5517,0.9165,0.9152,0.9065,0.9,0.8502,0.7613,0.6232,0.6001,0.749,0.5346,0.4485,0.2006,0.1135,0.1859,0.3865,0.2853,-0.4117,-0.2928,-0.2897,-0.2103,0.2623,0.8283,0.8663,0.8635,0.8652,0.9802,0.9643,0.9542,1,0.9195,0.9173,0.924,0.9218,0.6524,0.6466,0.7003,0.654,0.2341,0.0641,0.4342,0.3107,0.285,-0.1764,-0.0161,0.8744,0.2409,-0.0771,-0.0225,-0.0822,-0.0382,-0.0246,-0.4026,-0.4566,-0.3525,-0.3739,0.0259,-0.2408,-0.3542,-0.2513,-0.199,0.3316,0.2491,0.1279,0.245,0.3299,0.6736,0.5936,0.5875,0.5782,0.6639,0.5979,0.5917,0.4557,0.5758,0.6614,-0.0277,-0.399,-0.3382,-0.358,-0.4072,-0.1726,0.1529,-0.3685,-0.2219,-0.1526,-0.2533,0.0973,0.4284,-0.1779,-0.1101,-0.0507,-0.048,0.2491,0.5441,0.0395,0.0319,0.1551,0.166,0.3186
V3TG,0.8246,0.4569,0.4799,-0.0391,0.2403,0.5844,0.839,0.8925,0.8983,0.8285,0.9121,0.7097,0.6427,0.6345,0.7728,0.574,0.4672,0.2424,0.1739,0.2332,0.397,0.2421,-0.282,-0.1574,-0.208,-0.0823,0.2864,0.6771,0.7204,0.6942,0.6944,0.9466,0.9184,0.93,0.9195,1,0.9468,0.9551,0.9663,0.8241,0.7843,0.8186,0.8071,0.4067,0.1379,0.3646,0.4148,0.2119,-0.2962,-0.0499,0.8344,0.2922,-0.0361,0.0368,-0.0383,0.0068,-0.0096,-0.3561,-0.3693,-0.3164,-0.3296,0.0343,-0.1974,-0.2653,-0.2055,-0.1672,0.3351,0.1901,0.1663,0.1862,0.2625,0.6236,0.4943,0.5528,0.4764,0.5745,0.6058,0.5674,0.4639,0.557,0.6263,-0.0232,-0.3549,-0.2736,-0.3254,-0.369,-0.1735,0.1414,-0.2829,-0.1239,-0.1167,-0.1999,0.0702,0.3447,-0.0869,0.0304,-0.004,0.0267,0.2068,0.4396,0.1274,0.223,0.1558,0.2936,0.3595
V3CH,0.8329,0.4495,0.4547,-0.1117,0.2444,0.593,0.8572,0.9563,0.9315,0.9033,0.9158,0.7603,0.7347,0.7324,0.8511,0.6714,0.4999,0.2274,0.1572,0.2182,0.4019,0.2962,-0.3608,-0.2356,-0.2612,-0.1571,0.2916,0.7069,0.8091,0.7475,0.7459,0.8918,0.9419,0.9387,0.9173,0.9468,1,0.9651,0.9466,0.7915,0.8285,0.8713,0.8162,0.3831,0.2152,0.5361,0.4628,0.386,-0.2311,-0.063,0.8345,0.3309,0.0037,0.0972,0.0038,0.05,0.0045,-0.3887,-0.4022,-0.3476,-0.3603,0.0513,-0.2381,-0.3067,-0.2467,-0.2011,0.3753,0.2888,0.1509,0.2879,0.3665,0.6725,0.6138,0.6196,0.6004,0.6793,0.5933,0.5627,0.4496,0.5516,0.6394,-0.0166,-0.3869,-0.3158,-0.3484,-0.3949,-0.1814,0.1485,-0.3353,-0.1708,-0.1358,-0.2386,0.0975,0.4239,-0.1354,-0.0495,-0.037,-0.0153,0.2618,0.5899,0.1336,0.1508,0.2342,0.2445,0.3765
V3FC,0.9162,0.4214,0.4424,-0.0936,0.2296,0.5804,0.9268,0.9544,0.964,0.9001,0.9528,0.8404,0.7,0.6637,0.8445,0.6492,0.4993,0.1841,0.1,0.1683,0.3736,0.2849,-0.3404,-0.231,-0.255,-0.1432,0.29,0.8119,0.8559,0.8162,0.8138,0.9143,0.9368,0.9584,0.924,0.9551,0.9651,1,0.9643,0.8105,0.7867,0.8484,0.8076,0.4257,0.1183,0.4867,0.3938,0.3373,-0.24,0.0612,0.8927,0.3395,-0.0653,0.0213,-0.0674,-0.0104,-0.0147,-0.4014,-0.4235,-0.3659,-0.3749,0.0189,-0.2701,-0.3673,-0.2846,-0.2349,0.3034,0.1543,0.0888,0.1479,0.2366,0.6567,0.5234,0.5654,0.5009,0.6084,0.639,0.6187,0.474,0.611,0.6961,0.0281,-0.3505,-0.3012,-0.3168,-0.3654,-0.1415,0.1719,-0.3095,-0.1714,-0.1154,-0.206,0.1209,0.3934,-0.1405,-0.0833,-0.0328,-0.0035,0.239,0.4776,0.0404,0.0809,0.0964,0.1987,0.3162
V3PL,0.8371,0.3848,0.3956,-0.1072,0.2368,0.5598,0.8598,0.907,0.9059,0.8593,0.9179,0.7365,0.6406,0.6186,0.8082,0.5862,0.4778,0.206,0.096,0.1969,0.3517,0.3554,-0.3524,-0.2937,-0.2455,-0.1499,0.2824,0.7355,0.7614,0.762,0.7722,0.9201,0.9035,0.9193,0.9218,0.9663,0.9466,0.9643,1,0.8175,0.7944,0.836,0.8301,0.3888,0.1925,0.4059,0.4516,0.2512,-0.1637,-0.0674,0.8496,0.3084,-0.015,-0.0062,-0.0215,0.0227,0.0399,-0.3158,-0.3908,-0.2651,-0.2841,0.1027,-0.157,-0.37,-0.1677,-0.1229,0.3483,0.1947,0.1248,0.1895,0.2752,0.6461,0.5225,0.5548,0.5029,0.6036,0.5448,0.5433,0.4107,0.5267,0.6061,0.062,-0.3868,-0.3537,-0.3424,-0.3771,-0.1425,0.2616,-0.2963,-0.2,-0.1355,-0.2208,0.1238,0.45,-0.1637,-0.0819,-0.0395,-0.0218,0.236,0.5039,0.023,0.0806,0.0964,0.179,0.3198
V4TG,0.7203,0.4086,0.3953,0.0742,0.281,0.4848,0.6812,0.8041,0.8106,0.7242,0.9021,0.6238,0.6418,0.6538,0.7785,0.6905,0.4829,0.1418,0.0576,0.1412,0.2812,0.3154,-0.1219,-0.0937,-0.0583,0.0271,0.3234,0.513,0.533,0.4937,0.4895,0.6724,0.6771,0.6712,0.6524,0.8241,0.7915,0.8105,0.8175,1,0.9248,0.9491,0.9714,0.8,0.4657,0.4927,0.709,0.1221,-0.3064,0.0536,0.7152,0.3988,-0.0081,0.064,0.0099,0.034,0.0516,-0.3457,-0.3431,-0.3271,-0.325,0.0522,-0.262,-0.3373,-0.2685,-0.2481,0.3398,0.1013,0.0733,0.1033,0.1655,0.5622,0.4009,0.4542,0.3864,0.4717,0.5026,0.4677,0.3425,0.4736,0.5162,0.0917,-0.2187,-0.1879,-0.1814,-0.2147,-0.0407,0.2426,-0.084,0.0078,0.0479,-0.0435,0.1729,0.3725,0.0494,0.0502,0.1129,0.1202,0.2685,0.3899,0.101,0.1512,0.13,0.2288,0.2826
V4CH,0.6541,0.4774,0.4397,-0.0235,0.2132,0.5812,0.6087,0.8158,0.7824,0.6947,0.8641,0.5841,0.7788,0.8094,0.8307,0.8038,0.552,0.252,0.1744,0.258,0.393,0.3115,-0.2202,-0.1699,-0.1425,-0.0704,0.2521,0.4329,0.5195,0.4511,0.4454,0.6371,0.7134,0.6786,0.6466,0.7843,0.8285,0.7867,0.7944,0.9248,1,0.9661,0.9754,0.6731,0.5185,0.4778,0.7098,0.1798,-0.3014,-0.0333,0.6821,0.4657,0.1673,0.2271,0.1836,0.2035,0.1371,-0.2834,-0.288,-0.2498,-0.2563,0.1521,-0.1863,-0.2777,-0.189,-0.1625,0.4213,0.1711,0.137,0.1732,0.2411,0.6365,0.4584,0.5261,0.4428,0.5362,0.5019,0.4799,0.3879,0.4719,0.531,0.0413,-0.2895,-0.2627,-0.2604,-0.2903,-0.1281,0.2066,-0.2038,-0.1007,-0.0688,-0.173,0.0683,0.3673,-0.0543,-0.0126,0.0113,0.0128,0.1897,0.4561,0.1231,0.1715,0.1599,0.2391,0.3163
V4FC,0.7522,0.4726,0.4543,0.0082,0.2948,0.5726,0.72,0.8841,0.8638,0.7919,0.9228,0.6839,0.7781,0.8013,0.8892,0.8085,0.5496,0.2132,0.1317,0.2161,0.3681,0.3643,-0.2224,-0.1593,-0.122,-0.0405,0.3415,0.5583,0.6368,0.5676,0.5598,0.6839,0.7578,0.7382,0.7003,0.8186,0.8713,0.8484,0.836,0.9491,0.9661,1,0.9719,0.7276,0.4767,0.5893,0.7102,0.273,-0.261,0.0196,0.7577,0.465,0.0916,0.1786,0.1093,0.1421,0.1218,-0.3414,-0.343,-0.3173,-0.3096,0.1308,-0.2314,-0.3119,-0.2361,-0.2023,0.4215,0.231,0.148,0.2341,0.3067,0.6308,0.5123,0.544,0.4987,0.5801,0.4838,0.4654,0.3346,0.4637,0.5334,0.079,-0.2952,-0.2528,-0.2448,-0.2885,-0.0795,0.254,-0.1731,-0.0399,0.0051,-0.1052,0.1771,0.4543,0.0038,0.0205,0.0884,0.0967,0.3135,0.5149,0.1191,0.1494,0.1988,0.236,0.331
V4PL,0.6952,0.425,0.3954,0.0123,0.2518,0.5346,0.6495,0.8153,0.8006,0.7145,0.8989,0.6191,0.7176,0.734,0.8328,0.7637,0.5461,0.1939,0.0965,0.2018,0.3296,0.3727,-0.1973,-0.1857,-0.1056,-0.0329,0.2894,0.4854,0.5339,0.4906,0.49,0.6558,0.6945,0.6818,0.654,0.8071,0.8162,0.8076,0.8301,0.9714,0.9754,0.9719,1,0.7388,0.5172,0.4833,0.7273,0.1633,-0.2675,0.0102,0.7135,0.4728,0.1016,0.1438,0.1218,0.144,0.1464,-0.2924,-0.3192,-0.2603,-0.2628,0.1634,-0.1934,-0.33,-0.196,-0.1709,0.4128,0.1459,0.1125,0.149,0.2171,0.608,0.4258,0.4855,0.4107,0.5033,0.4745,0.4446,0.327,0.4412,0.4998,0.1108,-0.2782,-0.2717,-0.2346,-0.2653,-0.0759,0.2896,-0.15,-0.0769,-0.0136,-0.1102,0.1431,0.4268,-0.0219,-0.0065,0.0623,0.0696,0.2427,0.4511,0.079,0.1324,0.1279,0.21,0.2877
V5TG,0.4847,0.2851,0.2676,0.305,0.3112,0.2535,0.3922,0.4948,0.5279,0.4266,0.6375,0.4021,0.4614,0.4774,0.5308,0.601,0.3677,-0.0201,-0.0674,0.0093,0.1122,0.3115,0.1603,0.1646,0.2559,0.2722,0.3506,0.2921,0.2749,0.2238,0.208,0.2632,0.2934,0.2611,0.2341,0.4067,0.3831,0.4257,0.3888,0.8,0.6731,0.7276,0.7388,1,0.5504,0.5014,0.7451,-0.0138,-0.2857,0.2209,0.4446,0.3968,-0.0534,0.0508,-0.0069,0.0109,0.0954,-0.2966,-0.2541,-0.3126,-0.2746,0.0389,-0.3059,-0.2786,-0.2969,-0.2984,0.2421,-0.0237,-0.0115,-0.0098,0.0244,0.3277,0.1575,0.2008,0.1559,0.2015,0.2993,0.2385,0.1139,0.2782,0.2837,0.2054,0.0389,0.0437,0.1042,0.0549,0.1994,0.3061,0.238,0.2891,0.3756,0.2958,0.3599,0.3578,0.3512,0.2344,0.41,0.4055,0.3755,0.194,0.0573,0.1215,0.1292,0.1627,0.0967
V5CH,0.0537,0.0334,-0.0629,0.0156,0.0974,0.0252,0.0271,0.2633,0.1906,0.2614,0.2648,0.0851,0.2454,0.3894,0.2998,0.3407,0.1283,-0.0311,-0.1059,0.0005,-0.0516,0.4679,0.0114,-0.1266,0.1453,0.0135,0.07,-0.0477,0.0233,0.0289,0.0409,0.0128,0.0702,0.0094,0.0641,0.1379,0.2152,0.1183,0.1925,0.4657,0.5185,0.4767,0.5172,0.5504,1,0.5471,0.8959,-0.0495,-0.0876,-0.1426,0.1061,0.2789,0.2962,0.1466,0.3175,0.2519,0.1993,0.0993,-0.0073,0.1547,0.1057,0.1727,0.0883,-0.1588,0.102,0.0672,0.1831,0.2197,-0.0466,0.2341,0.2173,0.0909,0.22,0.0749,0.2375,0.1756,-0.0973,-0.1313,-0.1824,-0.1256,-0.1058,0.2281,-0.0185,-0.1252,0.0293,0.0383,0.0969,0.3817,0.1366,-0.0427,0.1228,0.0647,0.1538,0.4356,0.0515,-0.0749,0.1236,0.0575,0.1845,0.5136,0.106,-0.0745,0.3308,-0.0494,0.0745
V5FC,0.5349,0.1314,0.1177,-0.0742,0.2428,0.1897,0.5691,0.6431,0.6091,0.7497,0.5383,0.5825,0.4442,0.4301,0.5748,0.4859,0.2369,-0.0719,-0.1291,-0.077,0.0534,0.3847,-0.1772,-0.1348,-0.071,-0.1011,0.27,0.5432,0.6323,0.5812,0.579,0.3298,0.4439,0.4001,0.4342,0.3646,0.5361,0.4867,0.4059,0.4927,0.4778,0.5893,0.4833,0.5014,0.5471,1,0.6108,0.4576,-0.027,0.167,0.469,0.2953,0,0.0348,0.0125,0.0282,0.0077,-0.2407,-0.2542,-0.2313,-0.2307,-0.0316,-0.2483,-0.3222,-0.2572,-0.2399,0.1237,0.3584,-0.1263,0.3668,0.3822,0.2599,0.5473,0.3026,0.5614,0.4955,0.2559,0.2133,0.0483,0.2232,0.2862,0.11,-0.13,-0.1471,-0.0843,-0.1164,0.0308,0.1867,-0.0628,-0.0536,0.0961,-0.0054,0.3027,0.5039,-0.0122,-0.1031,0.0887,0.0731,0.4291,0.7587,0.1662,-0.1464,0.4672,0.0014,0.2416
V5PL,0.3156,0.1555,0.11,0.0433,0.1416,0.1549,0.2927,0.5144,0.4702,0.4894,0.5436,0.2613,0.4401,0.5238,0.4903,0.5046,0.1757,-0.0231,-0.095,-0.0031,0.0184,0.4642,-0.0678,-0.1068,0.0936,0.024,0.1414,0.1826,0.2345,0.2144,0.2231,0.2823,0.3243,0.2561,0.3107,0.4148,0.4628,0.3938,0.4516,0.709,0.7098,0.7102,0.7273,0.7451,0.8959,0.6108,1,-0.0649,-0.2558,-0.1185,0.3293,0.246,0.1597,0.1024,0.1773,0.1392,0.0949,-0.1369,-0.2124,-0.0961,-0.1219,0.0678,-0.114,-0.2939,-0.1039,-0.1208,0.2227,0.1931,-0.0207,0.2059,0.2183,0.235,0.2869,0.1824,0.2968,0.2759,0.0199,0.0161,-0.0903,0.0236,0.0583,0.1957,-0.1184,-0.1608,-0.045,-0.0562,0.0571,0.3905,0.0755,0.0155,0.1518,0.0813,0.1985,0.4938,0.0892,0.01,0.1891,0.1465,0.2611,0.503,0.0592,-0.0155,0.2688,0.0288,0.0877
V6TG,0.3436,0.2296,0.1864,0.1048,0.3868,0.2693,0.3749,0.3577,0.3192,0.4368,0.2481,0.4356,0.2765,0.3298,0.4574,0.2989,0.39,0.1306,0.1314,0.1415,0.2226,0.2537,-0.0284,0.0052,0.0309,0.0929,0.3891,0.3505,0.4836,0.4072,0.406,0.2053,0.2917,0.3407,0.285,0.2119,0.386,0.3373,0.2512,0.1221,0.1798,0.273,0.1633,-0.0138,-0.0495,0.4576,-0.0649,1,0.3893,-0.0272,0.3816,0.3011,0.0436,0.1771,0.071,0.1144,0.1358,-0.1592,-0.0916,-0.1498,-0.144,0.1803,-0.0699,0.0143,-0.0664,-0.0263,0.294,0.4218,0.1771,0.4318,0.4637,0.3034,0.4794,0.3974,0.4904,0.4663,0.3525,0.2001,0.2095,0.2254,0.2512,0.1118,-0.006,0.0296,0.0271,-0.0181,0.1513,0.1111,-0.029,0.1309,0.1213,0.0669,0.3461,0.3492,0.0966,0.0578,0.1218,0.1554,0.4276,0.4935,0.1898,0.0548,0.3826,0.1218,0.2895
V6CH,-0.1676,-0.1575,-0.18,0.2529,0.365,-0.1931,-0.1443,-0.244,-0.2783,-0.1316,-0.3267,-0.0594,-0.2412,-0.3031,-0.0769,-0.1872,0.0956,-0.0998,-0.148,-0.0666,-0.1489,0.4509,0.3183,0.1169,0.3945,0.2799,0.3255,-0.039,-0.0761,0.0177,0.0309,-0.2266,-0.2395,-0.2503,-0.1764,-0.2962,-0.2311,-0.24,-0.1637,-0.3064,-0.3014,-0.261,-0.2675,-0.2857,-0.0876,-0.027,-0.2558,0.3893,1,-0.1833,-0.0626,0.0286,0.0655,-0.0651,0.0756,0.0863,0.2812,0.2571,0.1664,0.276,0.2681,0.284,0.2187,-0.0527,0.2254,0.2375,0.0814,0.0445,-0.1253,0.0601,0.062,-0.012,0.0334,-0.0703,0.0553,0.0127,-0.1108,-0.1165,-0.0544,-0.0836,-0.1265,0.5239,0.4365,0.3673,0.491,0.4963,0.622,0.4778,0.4539,0.3596,0.4248,0.419,0.6138,0.3757,0.1978,0.1369,0.262,0.1948,0.4395,0.1127,-0.2725,-0.2833,-0.0331,-0.3964,-0.1504
V6FC,0.2505,0.1616,0.1409,0.0696,0.0312,0.101,0.217,0.1043,0.1808,0.1033,0.1409,0.2998,0.1703,-0.0201,0.1013,0.1742,-0.0369,0.0469,-0.0031,0.0041,0.0947,-0.226,0.1299,0.1054,-0.0423,0.0513,0.0818,0.3068,0.2308,0.2301,0.2101,-0.0172,0.0349,0.0364,-0.0161,-0.0499,-0.063,0.0612,-0.0674,0.0536,-0.0333,0.0196,0.0102,0.2209,-0.1426,0.167,-0.1185,-0.0272,-0.1833,1,0.1759,0.1815,0.053,0.155,0.0432,0.0875,0.0416,0.0532,0.1267,-0.0214,0.0322,-0.1978,-0.1323,-0.0038,-0.1652,-0.1641,-0.3514,-0.1874,-0.1473,-0.2132,-0.2257,-0.1431,-0.0542,-0.059,-0.0897,-0.0572,0.112,0.2848,0.1582,0.2745,0.278,-0.0677,0.1246,-0.0106,0.0358,0.0037,-0.0297,-0.2188,0.025,-0.0584,0.0057,0.0426,0.0088,-0.2105,0.027,-0.0663,-0.0183,0.0636,-0.0037,-0.188,0.1142,-0.0604,-0.057,0.1058,0.0837
V6PL,0.9565,0.5823,0.5611,0.1398,0.4427,0.6607,0.9255,0.8951,0.9117,0.8441,0.8708,0.8995,0.7256,0.6888,0.8816,0.705,0.627,0.3153,0.2088,0.3197,0.4961,0.4265,-0.1079,-0.0599,0.0073,0.0913,0.5055,0.8686,0.8731,0.864,0.8534,0.8712,0.8823,0.8766,0.8744,0.8344,0.8345,0.8927,0.8496,0.7152,0.6821,0.7577,0.7135,0.4446,0.1061,0.469,0.3293,0.3816,-0.0626,0.1759,1,0.485,0.1066,0.1762,0.1219,0.1695,0.1861,-0.2698,-0.2835,-0.2289,-0.241,0.1739,-0.137,-0.2301,-0.1439,-0.0952,0.3604,0.1882,0.1957,0.1844,0.2715,0.6782,0.5006,0.5698,0.4791,0.5918,0.659,0.636,0.4983,0.6494,0.7153,0.1925,-0.142,-0.105,-0.0993,-0.1777,0.1068,0.3307,-0.0663,0.0464,0.1444,0.0385,0.3696,0.5274,0.1041,0.0896,0.2175,0.2275,0.4618,0.451,0.0098,0.0638,0.1062,0.1793,0.3079
L1TG,0.445,0.3907,0.3588,0.2046,0.2831,0.5021,0.3117,0.3765,0.3719,0.28,0.4637,0.4978,0.5944,0.5482,0.6165,0.7177,0.8457,0.2461,0.2295,0.3351,0.409,0.4804,0.0707,0.0663,0.201,0.1963,0.305,0.28,0.3334,0.2959,0.2785,0.2602,0.3433,0.3567,0.2409,0.2922,0.3309,0.3395,0.3084,0.3988,0.4657,0.465,0.4728,0.3968,0.2789,0.2953,0.246,0.3011,0.0286,0.1815,0.485,1,0.4483,0.4503,0.5378,0.62,0.7731,0.1156,0.138,0.1499,0.2004,0.7244,0.1355,0.0837,0.1675,0.2154,0.5606,0.0973,0.1698,0.1191,0.177,0.4498,0.1016,0.1918,0.1056,0.1837,0.3747,0.1544,0.1081,0.18,0.2394,0.3848,0.0332,-0.0529,0.0752,0.0288,0.204,0.4313,0.103,0.0905,0.2108,0.18,0.3226,0.5058,0.1832,0.1581,0.2798,0.3245,0.3412,0.3231,-0.0219,0.0993,0.0974,0.083,0.1053
L1CH,-0.0932,0.5669,0.4601,0.1736,0.1136,0.4336,-0.1519,-0.0093,-0.048,-0.0985,-0.0468,-0.0315,0.3392,0.3613,0.2287,0.2926,0.2343,0.6347,0.6152,0.6574,0.487,0.1483,0.2568,0.2002,0.2102,0.1824,0.0737,-0.1689,-0.111,-0.1131,-0.117,-0.0646,0.0126,-0.0376,-0.0771,-0.0361,0.0037,-0.0653,-0.015,-0.0081,0.1673,0.0916,0.1016,-0.0534,0.2962,0,0.1597,0.0436,0.0655,0.053,0.1066,0.4483,1,0.8598,0.9889,0.965,0.6632,0.7278,0.7316,0.7562,0.7328,0.5192,0.711,0.6177,0.7154,0.7129,0.1096,0.2373,0.3774,0.2201,0.2048,-0.0766,-0.0464,0.0115,-0.0597,-0.0513,-0.1248,-0.0934,-0.0474,-0.1081,-0.1099,0.1613,0.2115,0.1454,0.1574,0.1451,0.1402,0.1536,0.2004,0.087,0.0528,0.0872,0.0584,0.0597,0.104,0.1598,0.0628,0.0778,0.0454,-0.0033,0.0629,0.1086,0.0281,0.0219,0.0453
L1FC,0.0092,0.7206,0.6471,0.259,0.1318,0.5296,-0.0571,0.081,0.0629,-0.0143,0.0558,0.039,0.4482,0.4523,0.3036,0.3982,0.3072,0.6786,0.7361,0.6947,0.6181,-0.0293,0.2914,0.3708,0.216,0.2593,0.1189,-0.126,-0.0217,-0.1002,-0.1279,-0.0063,0.1056,0.0542,-0.0225,0.0368,0.0972,0.0213,-0.0062,0.064,0.2271,0.1786,0.1438,0.0508,0.1466,0.0348,0.1024,0.1771,-0.0651,0.155,0.1762,0.4503,0.8598,1,0.8663,0.875,0.6042,0.4466,0.5861,0.4273,0.4512,0.3989,0.4112,0.6693,0.4198,0.4308,0.1992,0.2753,0.4657,0.2637,0.2586,0.0643,0.0603,0.1744,0.0471,0.0741,0.0102,0.0523,0.1136,0.0581,0.0415,0.0683,0.2701,0.2707,0.2179,0.172,0.1615,-0.0552,0.1569,0.2255,0.1286,0.1446,0.0777,-0.0569,0.2087,0.2593,0.1289,0.1716,0.0843,-0.0761,0.1372,0.2341,0.0709,0.1479,0.0459
L1PL,-0.0735,0.5553,0.4429,0.2244,0.1532,0.4204,-0.1495,-0.0028,-0.0427,-0.0993,-0.0281,-0.0107,0.3609,0.3916,0.2534,0.3411,0.309,0.5916,0.5818,0.631,0.4704,0.2098,0.2853,0.2272,0.2727,0.2346,0.1136,-0.1704,-0.1055,-0.1167,-0.1232,-0.0663,0.0167,-0.0327,-0.0822,-0.0383,0.0038,-0.0674,-0.0215,0.0099,0.1836,0.1093,0.1218,-0.0069,0.3175,0.0125,0.1773,0.071,0.0756,0.0432,0.1219,0.5378,0.9889,0.8663,1,0.9793,0.7229,0.6772,0.6898,0.7127,0.6917,0.5782,0.6622,0.599,0.676,0.6739,0.1817,0.2196,0.3673,0.2107,0.1995,-0.0389,-0.066,-0.0007,-0.0738,-0.0624,-0.1015,-0.124,-0.0764,-0.1279,-0.1263,0.2146,0.2308,0.1609,0.1937,0.1727,0.19,0.2137,0.2396,0.1366,0.1211,0.1495,0.1171,0.1302,0.1691,0.203,0.1411,0.157,0.1049,0.0248,0.0553,0.1244,0.0499,0.0294,0.0324
L1AB,-0.0079,0.5881,0.5041,0.2127,0.1511,0.5002,-0.0859,0.0394,0.0112,-0.0552,0.0321,0.0458,0.4271,0.4063,0.3057,0.4125,0.4081,0.614,0.6128,0.6593,0.5365,0.2124,0.2616,0.2374,0.2476,0.2231,0.1236,-0.1071,-0.0421,-0.0598,-0.0692,-0.0153,0.0686,0.0274,-0.0382,0.0068,0.05,-0.0104,0.0227,0.034,0.2035,0.1421,0.144,0.0109,0.2519,0.0282,0.1392,0.1144,0.0863,0.0875,0.1695,0.62,0.965,0.875,0.9793,1,0.7874,0.6617,0.6885,0.6866,0.694,0.6387,0.6389,0.5829,0.6525,0.6699,0.2303,0.217,0.3685,0.2095,0.2108,0.0331,-0.0349,0.0431,-0.0439,-0.0163,-0.0267,-0.0446,-0.0026,-0.0482,-0.0414,0.2397,0.226,0.1522,0.1907,0.1643,0.1965,0.2198,0.2185,0.1405,0.1207,0.1579,0.1451,0.1509,0.1535,0.2149,0.1408,0.1701,0.1224,0.0192,0.0217,0.1268,0.0223,0.019,0.0207
L2TG,0.0635,0.3995,0.3871,0.2077,0.1576,0.446,-0.0351,0.0096,-0.0036,-0.0378,0.0779,0.077,0.2734,0.2322,0.3053,0.3634,0.6651,0.451,0.4458,0.5392,0.482,0.4312,0.1855,0.1357,0.2897,0.2253,0.1505,-0.0314,-0.0146,0.0059,-0.0004,-0.0042,0.0305,0.0302,-0.0246,-0.0096,0.0045,-0.0147,0.0399,0.0516,0.1371,0.1218,0.1464,0.0954,0.1993,0.0077,0.0949,0.1358,0.2812,0.0416,0.1861,0.7731,0.6632,0.6042,0.7229,0.7874,1,0.4785,0.4582,0.5008,0.5579,0.9139,0.499,0.4111,0.5362,0.5822,0.5806,0.2554,0.382,0.2719,0.3019,0.2658,0.0304,0.1037,0.0407,0.0783,0.0135,-0.0924,-0.09,-0.075,-0.0639,0.4671,0.2261,0.1235,0.2611,0.2341,0.3619,0.4596,0.2442,0.1728,0.2551,0.286,0.3496,0.3914,0.1669,0.1843,0.248,0.2663,0.2599,0.0926,-0.183,-0.0356,-0.0549,-0.1322,-0.1423
L2CH,-0.4269,0.1974,0.1449,0.1088,-0.0634,0.1003,-0.4517,-0.4206,-0.4308,-0.4338,-0.4206,-0.3361,-0.2046,-0.2043,-0.2401,-0.2462,-0.0814,0.4431,0.4089,0.4531,0.2009,0.0003,0.333,0.1873,0.2052,0.1427,-0.1283,-0.3833,-0.4176,-0.3362,-0.3254,-0.37,-0.3876,-0.3864,-0.4026,-0.3561,-0.3887,-0.4014,-0.3158,-0.3457,-0.2834,-0.3414,-0.2924,-0.2966,0.0993,-0.2407,-0.1369,-0.1592,0.2571,0.0532,-0.2698,0.1156,0.7278,0.4466,0.6772,0.6617,0.4785,1,0.9405,0.9779,0.991,0.4053,0.905,0.6283,0.8926,0.8801,-0.1906,0.0874,0.2024,0.0586,0.0084,-0.4111,-0.2767,-0.2648,-0.2854,-0.3285,-0.3118,-0.2477,-0.1694,-0.2689,-0.3194,0.17,0.3404,0.2323,0.257,0.3073,0.1824,0.0918,0.3055,0.0356,0.0079,0.1029,-0.0048,-0.1716,-0.0093,0.0633,-0.0756,-0.0664,-0.1507,-0.2599,-0.0529,-0.0421,-0.1349,-0.1756,-0.1306
L2FC,-0.4362,0.3343,0.2914,0.2462,0.0021,0.1598,-0.4767,-0.4453,-0.4429,-0.4689,-0.4347,-0.3488,-0.1621,-0.1766,-0.2451,-0.2041,-0.0566,0.5135,0.5382,0.5192,0.2908,-0.1438,0.468,0.3996,0.2816,0.2761,-0.0583,-0.4426,-0.4516,-0.4191,-0.4254,-0.4055,-0.409,-0.4078,-0.4566,-0.3693,-0.4022,-0.4235,-0.3908,-0.3431,-0.288,-0.343,-0.3192,-0.2541,-0.0073,-0.2542,-0.2124,-0.0916,0.1664,0.1267,-0.2835,0.138,0.7316,0.5861,0.6898,0.6885,0.4582,0.9405,1,0.8863,0.9257,0.3372,0.8216,0.7786,0.8098,0.7984,-0.2038,0.0888,0.2658,0.0603,0.0024,-0.428,-0.296,-0.2415,-0.3047,-0.3461,-0.2481,-0.1929,-0.0763,-0.2013,-0.2744,0.0972,0.442,0.3875,0.337,0.3742,0.2055,-0.0654,0.3634,0.1929,0.0868,0.1835,-0.0006,-0.2964,0.1349,0.227,0.0048,0.0398,-0.1193,-0.3505,0.0661,0.1164,-0.0756,-0.04,-0.0797
L2PL,-0.3984,0.1766,0.1112,0.0985,-0.0301,0.0989,-0.4226,-0.3848,-0.4064,-0.4054,-0.3961,-0.3024,-0.175,-0.1588,-0.2032,-0.2127,-0.0452,0.4222,0.3764,0.4406,0.1849,0.0896,0.3091,0.1415,0.2195,0.1324,-0.0988,-0.3567,-0.3861,-0.298,-0.282,-0.3234,-0.3425,-0.3409,-0.3525,-0.3164,-0.3476,-0.3659,-0.2651,-0.3271,-0.2498,-0.3173,-0.2603,-0.3126,0.1547,-0.2313,-0.0961,-0.1498,0.276,-0.0214,-0.2289,0.1499,0.7562,0.4273,0.7127,0.6866,0.5008,0.9779,0.8863,1,0.9715,0.4485,0.9258,0.5878,0.9193,0.9032,-0.1473,0.0881,0.1956,0.0634,0.0194,-0.371,-0.2601,-0.2506,-0.2674,-0.3042,-0.2973,-0.2613,-0.1802,-0.2817,-0.3152,0.2034,0.3017,0.1894,0.2319,0.2723,0.186,0.1772,0.3077,0.019,0.0134,0.1003,0.0176,-0.0811,-0.0071,0.058,-0.0503,-0.0555,-0.1163,-0.1901,-0.0662,-0.049,-0.1158,-0.192,-0.1128
L2AB,-0.394,0.2027,0.164,0.0977,-0.0574,0.1429,-0.4262,-0.3941,-0.4045,-0.4123,-0.3808,-0.3102,-0.1584,-0.1704,-0.1932,-0.1876,0.0069,0.4491,0.4176,0.4715,0.2329,0.0538,0.2986,0.1649,0.2017,0.1334,-0.1181,-0.3596,-0.3901,-0.3091,-0.2983,-0.3378,-0.3551,-0.3507,-0.3739,-0.3296,-0.3603,-0.3749,-0.2841,-0.325,-0.2563,-0.3096,-0.2628,-0.2746,0.1057,-0.2307,-0.1219,-0.144,0.2681,0.0322,-0.241,0.2004,0.7328,0.4512,0.6917,0.694,0.5579,0.991,0.9257,0.9715,1,0.4982,0.9088,0.6154,0.902,0.9005,-0.103,0.1083,0.2263,0.0843,0.044,-0.3508,-0.2619,-0.2433,-0.268,-0.3029,-0.2965,-0.2512,-0.1782,-0.272,-0.3131,0.2067,0.309,0.1971,0.2404,0.2885,0.1887,0.1476,0.2922,0.0334,0.017,0.1118,0.0235,-0.1028,-0.0083,0.0756,-0.0514,-0.0394,-0.1191,-0.226,-0.0834,-0.0399,-0.1382,-0.185,-0.1404
L3TG,0.0578,0.3103,0.3238,0.0845,0.1302,0.468,-0.0251,0.0189,-0.0031,-0.0194,0.0996,0.0431,0.215,0.2219,0.2982,0.3129,0.733,0.4404,0.4192,0.5371,0.481,0.4617,0.0122,-0.0399,0.1629,0.1019,0.1177,-0.0281,-0.0071,0.029,0.0327,0.0435,0.0475,0.0758,0.0259,0.0343,0.0513,0.0189,0.1027,0.0522,0.1521,0.1308,0.1634,0.0389,0.1727,-0.0316,0.0678,0.1803,0.284,-0.1978,0.1739,0.7244,0.5192,0.3989,0.5782,0.6387,0.9139,0.4053,0.3372,0.4485,0.4982,1,0.5367,0.3495,0.5803,0.6344,0.7412,0.3633,0.4856,0.3848,0.4277,0.3874,0.1268,0.2215,0.1426,0.1824,0.0598,-0.0947,-0.0777,-0.0889,-0.0638,0.393,0.0197,-0.0432,0.0756,0.0668,0.2213,0.4866,0.1126,0.0465,0.1331,0.1483,0.2717,0.4491,0.0702,0.1313,0.1758,0.1853,0.2287,0.1981,-0.1781,0.0041,-0.0275,-0.0998,-0.0773
L3CH,-0.3278,0.3146,0.2667,0.0771,0.0663,0.2885,-0.3353,-0.3073,-0.325,-0.322,-0.3073,-0.2801,-0.1561,-0.0776,-0.0999,-0.1968,0.0522,0.6101,0.5514,0.6255,0.3742,0.0527,0.1995,0.0801,0.123,0.1022,0.0075,-0.306,-0.3276,-0.2378,-0.2202,-0.2065,-0.255,-0.228,-0.2408,-0.1974,-0.2381,-0.2701,-0.157,-0.262,-0.1863,-0.2314,-0.1934,-0.3059,0.0883,-0.2483,-0.114,-0.0699,0.2187,-0.1323,-0.137,0.1355,0.711,0.4112,0.6622,0.6389,0.499,0.905,0.8216,0.9258,0.9088,0.5367,1,0.6918,0.9965,0.989,0.0525,0.353,0.4998,0.3265,0.2921,-0.2353,-0.0657,-0.0176,-0.0749,-0.1057,-0.2611,-0.1972,-0.1152,-0.2302,-0.2558,0.0578,0.1043,0.0717,0.0445,0.0687,0.0406,0.1204,0.1711,-0.0109,-0.0615,-0.0108,-0.0227,-0.0517,0.0084,0.1402,-0.0415,-0.035,-0.0576,-0.0947,0.0929,0.14,0.0178,0.0166,0.0892
L3FC,-0.3941,0.5264,0.5045,0.2739,0.0746,0.3295,-0.4194,-0.3936,-0.3856,-0.4186,-0.384,-0.376,-0.1533,-0.0628,-0.1939,-0.2036,0.0309,0.6991,0.7887,0.707,0.5213,-0.3167,0.3867,0.4627,0.2212,0.2953,0.0286,-0.4655,-0.4185,-0.4428,-0.4617,-0.292,-0.3069,-0.2869,-0.3542,-0.2653,-0.3067,-0.3673,-0.37,-0.3373,-0.2777,-0.3119,-0.33,-0.2786,-0.1588,-0.3222,-0.2939,0.0143,-0.0527,-0.0038,-0.2301,0.0837,0.6177,0.6693,0.599,0.5829,0.4111,0.6283,0.7786,0.5878,0.6154,0.3495,0.6918,1,0.701,0.6877,0.1004,0.4055,0.6755,0.3885,0.3337,-0.2461,-0.0673,0.0571,-0.0703,-0.1088,-0.1892,-0.1648,-0.0121,-0.1669,-0.2298,-0.1588,0.2615,0.3499,0.1716,0.1558,0.0361,-0.2816,0.1974,0.2577,0.0585,0.1132,-0.0922,-0.3603,0.2588,0.4005,0.0872,0.14,-0.0645,-0.3038,0.3187,0.4305,0.1427,0.2734,0.1022
L3PL,-0.3382,0.3123,0.2631,0.1029,0.0815,0.285,-0.3528,-0.3191,-0.3389,-0.3373,-0.3139,-0.2939,-0.1564,-0.0694,-0.1008,-0.1878,0.0846,0.6031,0.5511,0.6289,0.3752,0.0821,0.2144,0.0966,0.16,0.1303,0.0205,-0.3269,-0.3434,-0.2565,-0.2391,-0.214,-0.2615,-0.236,-0.2513,-0.2055,-0.2467,-0.2846,-0.1677,-0.2685,-0.189,-0.2361,-0.196,-0.2969,0.102,-0.2572,-0.1039,-0.0664,0.2254,-0.1652,-0.1439,0.1675,0.7154,0.4198,0.676,0.6525,0.5362,0.8926,0.8098,0.9193,0.902,0.5803,0.9965,0.701,1,0.9917,0.1025,0.3606,0.5168,0.339,0.3059,-0.2168,-0.0734,-0.0189,-0.0789,-0.11,-0.2631,-0.2253,-0.1373,-0.2531,-0.2787,0.0812,0.1112,0.0808,0.0621,0.0822,0.0654,0.1531,0.1942,0.0176,-0.0262,0.023,0.0051,-0.0171,0.0444,0.1722,0.0028,0.008,-0.0309,-0.0847,0.0886,0.1568,0.0325,0.0208,0.0776
L3AB,-0.2829,0.3365,0.3037,0.0588,0.0631,0.3478,-0.2971,-0.2727,-0.292,-0.2904,-0.2657,-0.2478,-0.1055,-0.0397,-0.0476,-0.1364,0.1586,0.6314,0.5816,0.6588,0.4295,0.0939,0.1583,0.0593,0.1134,0.085,0.0112,-0.2697,-0.2838,-0.2001,-0.1839,-0.1643,-0.2105,-0.18,-0.199,-0.1672,-0.2011,-0.2349,-0.1229,-0.2481,-0.1625,-0.2023,-0.1709,-0.2984,0.0672,-0.2399,-0.1208,-0.0263,0.2375,-0.1641,-0.0952,0.2154,0.7129,0.4308,0.6739,0.6699,0.5822,0.8801,0.7984,0.9032,0.9005,0.6344,0.989,0.6877,0.9917,1,0.1605,0.3796,0.5343,0.3584,0.3378,-0.1456,-0.0348,0.0255,-0.0409,-0.0602,-0.2201,-0.1829,-0.1036,-0.213,-0.231,0.0908,0.0818,0.0529,0.0375,0.0579,0.0578,0.1625,0.1519,-0.0061,-0.0501,-0.0007,0.0106,0.0081,0.0041,0.1429,-0.0228,-0.0166,-0.0254,-0.0702,0.04,0.1206,-0.0036,-0.0128,0.0584
L4TG,0.2936,0.3454,0.3762,-0.0125,0.1929,0.5378,0.2412,0.3274,0.2854,0.2868,0.3832,0.1912,0.3583,0.4315,0.4896,0.4505,0.8017,0.3579,0.3636,0.4401,0.5285,0.3492,-0.211,-0.1514,-0.0049,-0.0184,0.2178,0.137,0.2203,0.1876,0.1835,0.3263,0.3457,0.3502,0.3316,0.3351,0.3753,0.3034,0.3483,0.3398,0.4213,0.4215,0.4128,0.2421,0.1831,0.1237,0.2227,0.294,0.0814,-0.3514,0.3604,0.5606,0.1096,0.1992,0.1817,0.2303,0.5806,-0.1906,-0.2038,-0.1473,-0.103,0.7412,0.0525,0.1004,0.1025,0.1605,1,0.5206,0.5708,0.5573,0.6284,0.7625,0.4801,0.5841,0.5035,0.5599,0.3036,0.1343,0.1312,0.15,0.1865,0.1353,-0.2423,-0.1736,-0.1456,-0.1808,0.0442,0.3013,-0.1165,0.0489,0.085,0.012,0.2272,0.4695,0.0865,0.1291,0.195,0.1733,0.3235,0.3806,-0.0357,0.1316,0.154,0.086,0.0957
L4CH,0.0836,0.4352,0.4231,-0.0933,0.2431,0.504,0.1686,0.232,0.1861,0.3493,0.1429,0.0317,0.1116,0.2528,0.3079,0.0859,0.2449,0.5924,0.5548,0.5887,0.5569,0.0505,-0.2034,-0.1316,-0.1876,-0.0994,0.2397,0.0855,0.1892,0.1922,0.2028,0.1894,0.1907,0.188,0.2491,0.1901,0.2888,0.1543,0.1947,0.1013,0.1711,0.231,0.1459,-0.0237,0.2197,0.3584,0.1931,0.4218,0.0445,-0.1874,0.1882,0.0973,0.2373,0.2753,0.2196,0.217,0.2554,0.0874,0.0888,0.0881,0.1083,0.3633,0.353,0.4055,0.3606,0.3796,0.5206,1,0.7619,0.9968,0.9858,0.2825,0.7683,0.6578,0.78,0.6951,-0.0098,0.0844,0.0848,0.0534,0.0666,-0.2517,-0.3243,-0.225,-0.3255,-0.3583,-0.2478,-0.1013,-0.2552,-0.103,-0.155,-0.2285,0.0172,0.2092,-0.0164,0.109,-0.027,-0.0083,0.2643,0.5678,0.5052,0.3091,0.6334,0.3789,0.4989
L4FC,0.0431,0.6609,0.6613,0.108,0.2355,0.6708,0.0461,0.076,0.0838,0.0549,0.1003,-0.0636,0.1334,0.2915,0.2441,0.1079,0.3522,0.8192,0.8163,0.8289,0.7675,-0.1113,-0.0114,0.087,-0.0387,0.0989,0.2391,-0.0471,-0.0027,-0.0092,-0.0131,0.1567,0.1271,0.1515,0.1279,0.1663,0.1509,0.0888,0.1248,0.0733,0.137,0.148,0.1125,-0.0115,-0.0466,-0.1263,-0.0207,0.1771,-0.1253,-0.1473,0.1957,0.1698,0.3774,0.4657,0.3673,0.3685,0.382,0.2024,0.2658,0.1956,0.2263,0.4856,0.4998,0.6755,0.5168,0.5343,0.5708,0.7619,1,0.7514,0.7606,0.321,0.4663,0.6343,0.4554,0.4745,0.0478,0.148,0.2031,0.127,0.113,-0.2524,-0.2105,-0.0708,-0.2326,-0.2832,-0.1865,-0.1299,-0.1318,0.0576,-0.0745,-0.1129,-0.0463,-0.0097,0.1605,0.3101,0.0951,0.1359,0.1336,0.0826,0.4004,0.5194,0.2987,0.4877,0.3944
L4PL,0.0814,0.4181,0.406,-0.077,0.2601,0.4883,0.1628,0.2298,0.1808,0.3478,0.143,0.0304,0.114,0.2563,0.3119,0.0992,0.2701,0.5641,0.5313,0.5681,0.5398,0.0824,-0.195,-0.1251,-0.1603,-0.0816,0.2555,0.0761,0.1852,0.1847,0.1947,0.1856,0.1882,0.1838,0.245,0.1862,0.2879,0.1479,0.1895,0.1033,0.1732,0.2341,0.149,-0.0098,0.2341,0.3668,0.2059,0.4318,0.0601,-0.2132,0.1844,0.1191,0.2201,0.2637,0.2107,0.2095,0.2719,0.0586,0.0603,0.0634,0.0843,0.3848,0.3265,0.3885,0.339,0.3584,0.5573,0.9968,0.7514,1,0.9895,0.3004,0.7667,0.6525,0.7827,0.6959,-0.008,0.0642,0.0675,0.038,0.0524,-0.2259,-0.318,-0.2176,-0.3086,-0.344,-0.2232,-0.0698,-0.2343,-0.077,-0.1218,-0.1974,0.0484,0.2466,0.0114,0.13,0.009,0.0241,0.2955,0.5873,0.4953,0.3101,0.6464,0.3707,0.4872
L4AB,0.1738,0.4417,0.4394,-0.105,0.2685,0.5497,0.2484,0.3123,0.2638,0.4155,0.2312,0.1095,0.1891,0.3241,0.397,0.1761,0.3569,0.5728,0.5372,0.5816,0.5842,0.1171,-0.2537,-0.1674,-0.1896,-0.113,0.2755,0.16,0.2693,0.2649,0.2743,0.2692,0.2783,0.2766,0.3299,0.2625,0.3665,0.2366,0.2752,0.1655,0.2411,0.3067,0.2171,0.0244,0.2173,0.3822,0.2183,0.4637,0.062,-0.2257,0.2715,0.177,0.2048,0.2586,0.1995,0.2108,0.3019,0.0084,0.0024,0.0194,0.044,0.4277,0.2921,0.3337,0.3059,0.3378,0.6284,0.9858,0.7606,0.9895,1,0.4048,0.8008,0.7107,0.8145,0.7509,0.0604,0.1223,0.1113,0.0969,0.1222,-0.2136,-0.3647,-0.2584,-0.3414,-0.382,-0.2231,-0.0336,-0.2744,-0.0911,-0.1272,-0.2167,0.0724,0.2993,-0.0079,0.1109,0.0141,0.0255,0.3213,0.6088,0.4442,0.2917,0.6088,0.3535,0.4839
L5TG,0.6585,0.4339,0.4549,-0.0822,0.1882,0.6655,0.6253,0.6702,0.6506,0.6083,0.6724,0.5267,0.6029,0.5914,0.6624,0.6332,0.8001,0.3168,0.2703,0.3552,0.5786,0.2781,-0.2896,-0.2061,-0.1515,-0.1196,0.2588,0.5332,0.5888,0.5513,0.5441,0.6453,0.6961,0.6633,0.6736,0.6236,0.6725,0.6567,0.6461,0.5622,0.6365,0.6308,0.608,0.3277,0.0909,0.2599,0.235,0.3034,-0.012,-0.1431,0.6782,0.4498,-0.0766,0.0643,-0.0389,0.0331,0.2658,-0.4111,-0.428,-0.371,-0.3508,0.3874,-0.2353,-0.2461,-0.2168,-0.1456,0.7625,0.2825,0.321,0.3004,0.4048,1,0.6524,0.7889,0.6489,0.7732,0.7125,0.6605,0.5995,0.6715,0.7148,0.0782,-0.2515,-0.1906,-0.1971,-0.2408,-0.0084,0.1936,-0.2318,-0.0802,-0.0121,-0.1138,0.187,0.3897,-0.0655,-0.0614,0.0529,0.0166,0.2578,0.3787,-0.086,0.0169,0.0322,0.0776,0.1664
L5CH,0.462,0.4297,0.4167,-0.1664,0.2705,0.59,0.5588,0.5965,0.5635,0.7035,0.4844,0.3759,0.3639,0.4192,0.5269,0.3347,0.3805,0.4348,0.3517,0.4126,0.5492,0.1112,-0.3113,-0.2352,-0.3017,-0.2004,0.3138,0.4654,0.5545,0.5487,0.5578,0.5028,0.5413,0.5045,0.5936,0.4943,0.6138,0.5234,0.5225,0.4009,0.4584,0.5123,0.4258,0.1575,0.22,0.5473,0.2869,0.4794,0.0334,-0.0542,0.5006,0.1016,-0.0464,0.0603,-0.066,-0.0349,0.0304,-0.2767,-0.296,-0.2601,-0.2619,0.1268,-0.0657,-0.0673,-0.0734,-0.0348,0.4801,0.7683,0.4663,0.7667,0.8008,0.6524,1,0.904,0.9973,0.9817,0.4302,0.5742,0.5125,0.5504,0.5784,-0.2088,-0.3523,-0.2783,-0.3598,-0.4048,-0.2404,-0.0857,-0.3526,-0.2048,-0.1884,-0.3003,0.069,0.2738,-0.1453,-0.0821,-0.106,-0.115,0.2848,0.6697,0.4081,0.1599,0.5453,0.3202,0.5328
L5FC,0.5024,0.6017,0.5968,-0.0653,0.298,0.7595,0.549,0.5782,0.5748,0.599,0.5379,0.3835,0.4435,0.5085,0.5703,0.4204,0.5313,0.5956,0.5318,0.5852,0.7342,0.019,-0.2368,-0.1319,-0.2427,-0.1039,0.3514,0.4319,0.5021,0.4785,0.4786,0.5444,0.5786,0.557,0.5875,0.5528,0.6196,0.5654,0.5548,0.4542,0.5261,0.544,0.4855,0.2008,0.0749,0.3026,0.1824,0.3974,-0.0703,-0.059,0.5698,0.1918,0.0115,0.1744,-0.0007,0.0431,0.1037,-0.2648,-0.2415,-0.2506,-0.2433,0.2215,-0.0176,0.0571,-0.0189,0.0255,0.5841,0.6578,0.6343,0.6525,0.7107,0.7889,0.904,1,0.8873,0.9478,0.5654,0.705,0.6822,0.6894,0.7048,-0.2321,-0.3279,-0.2189,-0.3442,-0.4043,-0.2251,-0.1136,-0.3224,-0.1229,-0.1541,-0.2679,0.0448,0.171,-0.0495,0.0387,-0.0366,-0.0339,0.2363,0.4371,0.37,0.3278,0.3804,0.4153,0.5229
L5PL,0.4413,0.4041,0.3913,-0.156,0.2778,0.5609,0.5378,0.5805,0.5419,0.6948,0.465,0.3576,0.3439,0.4043,0.5126,0.3218,0.3855,0.4071,0.3301,0.3913,0.524,0.1348,-0.3019,-0.2276,-0.2768,-0.1872,0.3175,0.4431,0.5386,0.531,0.5402,0.4857,0.5235,0.4846,0.5782,0.4764,0.6004,0.5009,0.5029,0.3864,0.4428,0.4987,0.4107,0.1559,0.2375,0.5614,0.2968,0.4904,0.0553,-0.0897,0.4791,0.1056,-0.0597,0.0471,-0.0738,-0.0439,0.0407,-0.2854,-0.3047,-0.2674,-0.268,0.1426,-0.0749,-0.0703,-0.0789,-0.0409,0.5035,0.78,0.4554,0.7827,0.8145,0.6489,0.9973,0.8873,1,0.9747,0.4159,0.5367,0.4803,0.5172,0.5439,-0.1902,-0.3404,-0.2641,-0.3392,-0.3832,-0.2169,-0.0651,-0.3312,-0.182,-0.1605,-0.2739,0.0945,0.3016,-0.1248,-0.0666,-0.0805,-0.0935,0.3097,0.6932,0.4028,0.1529,0.5675,0.3045,0.5175
L5AB,0.5535,0.4773,0.4719,-0.1598,0.2797,0.6681,0.6288,0.6608,0.6349,0.7316,0.5739,0.4513,0.4557,0.4913,0.6072,0.4342,0.4973,0.4549,0.3721,0.4412,0.6107,0.1363,-0.3319,-0.2454,-0.3005,-0.1979,0.335,0.5281,0.61,0.5972,0.6034,0.5855,0.6264,0.5933,0.6639,0.5745,0.6793,0.6084,0.6036,0.4717,0.5362,0.5801,0.5033,0.2015,0.1756,0.4955,0.2759,0.4663,0.0127,-0.0572,0.5918,0.1837,-0.0513,0.0741,-0.0624,-0.0163,0.0783,-0.3285,-0.3461,-0.3042,-0.3029,0.1824,-0.1057,-0.1088,-0.11,-0.0602,0.5599,0.6951,0.4745,0.6959,0.7509,0.7732,0.9817,0.9478,0.9747,1,0.5285,0.6563,0.5906,0.6365,0.6718,-0.1756,-0.3678,-0.2903,-0.3654,-0.4178,-0.2204,-0.0417,-0.3623,-0.1933,-0.1731,-0.2908,0.091,0.3026,-0.1375,-0.0738,-0.0802,-0.0919,0.2927,0.6247,0.33,0.1606,0.4508,0.3059,0.5041
L6TG,0.6717,0.455,0.4395,0.0954,0.1839,0.5792,0.6269,0.5976,0.6235,0.5434,0.6032,0.5912,0.4959,0.4679,0.5045,0.503,0.6286,0.2469,0.2188,0.2636,0.4822,0.0664,-0.014,0.1004,-0.0289,0.053,0.2461,0.5474,0.576,0.5199,0.5064,0.6142,0.642,0.6211,0.5979,0.6058,0.5933,0.639,0.5448,0.5026,0.5019,0.4838,0.4745,0.2993,-0.0973,0.2559,0.0199,0.3525,-0.1108,0.112,0.659,0.3747,-0.1248,0.0102,-0.1015,-0.0267,0.0135,-0.3118,-0.2481,-0.2973,-0.2965,0.0598,-0.2611,-0.1892,-0.2631,-0.2201,0.3036,-0.0098,0.0478,-0.008,0.0604,0.7125,0.4302,0.5654,0.4159,0.5285,1,0.8337,0.8054,0.8626,0.8689,0.0135,0.0005,0.0611,-0.0291,-0.082,0.0288,-0.0191,-0.1011,0.0128,0.0206,-0.0525,0.1231,0.0934,-0.0051,0.0144,0.0267,0.03,0.1166,0.1741,0.0751,0.1182,0.0601,0.1939,0.215
L6CH,0.6304,0.5549,0.5592,0.0332,0.203,0.6748,0.6386,0.577,0.6247,0.5576,0.5656,0.5277,0.502,0.3863,0.4703,0.4564,0.4388,0.4138,0.3406,0.378,0.5984,-0.0823,-0.0413,0.0565,-0.1636,-0.0181,0.2795,0.5839,0.5678,0.5571,0.5451,0.5855,0.6066,0.5695,0.5917,0.5674,0.5627,0.6187,0.5433,0.4677,0.4799,0.4654,0.4446,0.2385,-0.1313,0.2133,0.0161,0.2001,-0.1165,0.2848,0.636,0.1544,-0.0934,0.0523,-0.124,-0.0446,-0.0924,-0.2477,-0.1929,-0.2613,-0.2512,-0.0947,-0.1972,-0.1648,-0.2253,-0.1829,0.1343,0.0844,0.148,0.0642,0.1223,0.6605,0.5742,0.705,0.5367,0.6563,0.8337,1,0.9509,0.9921,0.982,-0.1205,-0.0482,-0.0043,-0.1262,-0.1755,-0.0951,-0.1668,-0.176,-0.0819,-0.0972,-0.1626,0.0354,-0.042,-0.0846,-0.0199,-0.0896,-0.08,0.0683,0.1139,0.1638,0.1442,0.0477,0.2639,0.3446
L6FC,0.4513,0.5684,0.561,0.1234,0.23,0.6401,0.4553,0.4102,0.4463,0.3813,0.3996,0.3706,0.4147,0.3207,0.3478,0.3626,0.4122,0.4609,0.4239,0.4344,0.6129,-0.1556,0.086,0.1843,-0.0644,0.0834,0.285,0.3811,0.3877,0.3683,0.3539,0.4695,0.477,0.4401,0.4557,0.4639,0.4496,0.474,0.4107,0.3425,0.3879,0.3346,0.327,0.1139,-0.1824,0.0483,-0.0903,0.2095,-0.0544,0.1582,0.4983,0.1081,-0.0474,0.1136,-0.0764,-0.0026,-0.09,-0.1694,-0.0763,-0.1802,-0.1782,-0.0777,-0.1152,-0.0121,-0.1373,-0.1036,0.1312,0.0848,0.2031,0.0675,0.1113,0.5995,0.5125,0.6822,0.4803,0.5906,0.8054,0.9509,1,0.951,0.9175,-0.1444,0.052,0.1197,-0.0402,-0.0859,-0.05,-0.2245,-0.0924,0.0234,-0.0521,-0.1074,0.024,-0.1333,0.0025,0.1052,-0.0493,-0.041,0.0458,0.0233,0.2277,0.2733,0.0861,0.3064,0.3518
L6PL,0.6412,0.5609,0.5564,0.116,0.2567,0.6516,0.6374,0.5703,0.6201,0.5501,0.5627,0.5431,0.4928,0.3845,0.4726,0.464,0.4664,0.383,0.3185,0.3582,0.5805,-0.0426,0.0372,0.1294,-0.0659,0.0664,0.3315,0.5823,0.5668,0.5484,0.5336,0.5734,0.5975,0.5572,0.5758,0.557,0.5516,0.611,0.5267,0.4736,0.4719,0.4637,0.4412,0.2782,-0.1256,0.2232,0.0236,0.2254,-0.0836,0.2745,0.6494,0.18,-0.1081,0.0581,-0.1279,-0.0482,-0.075,-0.2689,-0.2013,-0.2817,-0.272,-0.0889,-0.2302,-0.1669,-0.2531,-0.213,0.15,0.0534,0.127,0.038,0.0969,0.6715,0.5504,0.6894,0.5172,0.6365,0.8626,0.9921,0.951,1,0.9821,-0.0616,0.0293,0.0775,-0.0367,-0.0953,-0.0003,-0.1197,-0.0882,0.0133,0.0075,-0.0643,0.1241,-0.0032,0.0047,0.0421,0.0035,0.008,0.1364,0.1008,0.144,0.149,0.0531,0.2486,0.3122
L6AB,0.7242,0.5357,0.5397,0.0232,0.2292,0.6731,0.7216,0.6647,0.7065,0.6302,0.6476,0.6381,0.58,0.4671,0.563,0.5472,0.5093,0.3524,0.2795,0.3281,0.5721,0.0067,-0.0855,0.0207,-0.1543,-0.029,0.3104,0.6667,0.6671,0.6393,0.6256,0.6501,0.6909,0.6579,0.6614,0.6263,0.6394,0.6961,0.6061,0.5162,0.531,0.5334,0.4998,0.2837,-0.1058,0.2862,0.0583,0.2512,-0.1265,0.278,0.7153,0.2394,-0.1099,0.0415,-0.1263,-0.0414,-0.0639,-0.3194,-0.2744,-0.3152,-0.3131,-0.0638,-0.2558,-0.2298,-0.2787,-0.231,0.1865,0.0666,0.113,0.0524,0.1222,0.7148,0.5784,0.7048,0.5439,0.6718,0.8689,0.982,0.9175,0.9821,1,-0.0674,-0.0801,-0.0361,-0.133,-0.1968,-0.0674,-0.0855,-0.182,-0.0741,-0.0584,-0.1387,0.0938,0.0682,-0.066,-0.0245,-0.0392,-0.034,0.1359,0.1848,0.1188,0.1207,0.051,0.2312,0.3255
H1TG,0.152,-0.0277,0.0208,0.4812,0.2106,-0.1083,0.0676,0.0299,0.0438,0.0307,0.0624,0.2137,0.0935,-0.0009,0.1277,0.1929,0.3204,-0.208,-0.2261,-0.144,-0.1734,0.8282,0.4504,0.3146,0.6033,0.4887,0.1759,0.1286,0.0773,0.1262,0.1204,-0.0184,-0.0224,-0.0254,-0.0277,-0.0232,-0.0166,0.0281,0.062,0.0917,0.0413,0.079,0.1108,0.2054,0.2281,0.11,0.1957,0.1118,0.5239,-0.0677,0.1925,0.3848,0.1613,0.0683,0.2146,0.2397,0.4671,0.17,0.0972,0.2034,0.2067,0.393,0.0578,-0.1588,0.0812,0.0908,0.1353,-0.2517,-0.2524,-0.2259,-0.2136,0.0782,-0.2088,-0.2321,-0.1902,-0.1756,0.0135,-0.1205,-0.1444,-0.0616,-0.0674,1,0.6567,0.5186,0.7402,0.7437,0.8247,0.8638,0.642,0.4084,0.6182,0.6963,0.6555,0.6012,0.2633,0.1442,0.3913,0.3757,0.3425,0.0792,-0.5496,-0.3802,-0.3131,-0.4686,-0.499
H1CH,-0.2185,0.1323,0.1271,0.6925,0.1905,-0.1958,-0.2942,-0.3541,-0.3179,-0.3367,-0.3504,-0.1534,-0.1965,-0.2766,-0.2858,-0.1529,-0.0383,-0.0314,0.036,-0.0039,-0.093,0.2422,0.8525,0.7775,0.7756,0.7089,0.1448,-0.2389,-0.2912,-0.2809,-0.3076,-0.3598,-0.3612,-0.4084,-0.399,-0.3549,-0.3869,-0.3505,-0.3868,-0.2187,-0.2895,-0.2952,-0.2782,0.0389,-0.0185,-0.13,-0.1184,-0.006,0.4365,0.1246,-0.142,0.0332,0.2115,0.2701,0.2308,0.226,0.2261,0.3404,0.442,0.3017,0.309,0.0197,0.1043,0.2615,0.1112,0.0818,-0.2423,-0.3243,-0.2105,-0.318,-0.3647,-0.2515,-0.3523,-0.3279,-0.3404,-0.3678,0.0005,-0.0482,0.052,0.0293,-0.0801,0.6567,1,0.9385,0.9748,0.9688,0.8529,0.3112,0.8298,0.6791,0.701,0.7901,0.5266,-0.0062,0.4807,0.3728,0.4163,0.4054,0.1898,-0.3766,-0.2701,-0.1497,-0.2296,-0.3041,-0.4609
H1FC,-0.1925,0.2452,0.26,0.7458,0.2814,-0.114,-0.2618,-0.312,-0.2802,-0.3099,-0.3263,-0.1577,-0.1756,-0.2134,-0.249,-0.1549,-0.0294,0.0554,0.1572,0.0784,0,0.1466,0.8574,0.8746,0.7816,0.7556,0.2417,-0.2522,-0.2809,-0.3015,-0.3369,-0.2856,-0.2896,-0.3465,-0.3382,-0.2736,-0.3158,-0.3012,-0.3537,-0.1879,-0.2627,-0.2528,-0.2717,0.0437,-0.1252,-0.1471,-0.1608,0.0296,0.3673,-0.0106,-0.105,-0.0529,0.1454,0.2707,0.1609,0.1522,0.1235,0.2323,0.3875,0.1894,0.1971,-0.0432,0.0717,0.3499,0.0808,0.0529,-0.1736,-0.225,-0.0708,-0.2176,-0.2584,-0.1906,-0.2783,-0.2189,-0.2641,-0.2903,0.0611,-0.0043,0.1197,0.0775,-0.0361,0.5186,0.9385,1,0.923,0.9016,0.7977,0.2013,0.7992,0.7963,0.7259,0.7768,0.5165,-0.0554,0.5783,0.5341,0.4828,0.4672,0.2483,-0.3809,-0.1533,0.0298,-0.1351,-0.1574,-0.3449
H1PL,-0.1715,0.0753,0.0753,0.7186,0.2502,-0.2391,-0.2556,-0.3093,-0.282,-0.2945,-0.301,-0.1121,-0.176,-0.2408,-0.2266,-0.1085,0.0173,-0.1201,-0.0521,-0.0731,-0.1528,0.3729,0.8271,0.7486,0.8392,0.7385,0.2064,-0.2007,-0.2466,-0.2393,-0.2653,-0.3231,-0.3228,-0.3691,-0.358,-0.3254,-0.3484,-0.3168,-0.3424,-0.1814,-0.2604,-0.2448,-0.2346,0.1042,0.0293,-0.0843,-0.045,0.0271,0.491,0.0358,-0.0993,0.0752,0.1574,0.2179,0.1937,0.1907,0.2611,0.257,0.337,0.2319,0.2404,0.0756,0.0445,0.1716,0.0621,0.0375,-0.1456,-0.3255,-0.2326,-0.3086,-0.3414,-0.1971,-0.3598,-0.3442,-0.3392,-0.3654,-0.0291,-0.1262,-0.0402,-0.0367,-0.133,0.7402,0.9748,0.923,1,0.9836,0.9335,0.4493,0.87,0.7466,0.8049,0.8707,0.6487,0.1545,0.5505,0.4156,0.5338,0.5077,0.3098,-0.3052,-0.3456,-0.1798,-0.2215,-0.3547,-0.5037
H1A1,-0.2414,-0.002,0.0134,0.6531,0.1545,-0.3008,-0.3212,-0.3634,-0.3424,-0.3442,-0.3545,-0.1768,-0.2281,-0.3062,-0.2962,-0.1716,-0.0345,-0.1601,-0.0888,-0.1203,-0.2147,0.3509,0.7882,0.6956,0.7803,0.6754,0.1024,-0.2579,-0.3105,-0.2919,-0.3145,-0.3748,-0.3816,-0.4259,-0.4072,-0.369,-0.3949,-0.3654,-0.3771,-0.2147,-0.2903,-0.2885,-0.2653,0.0549,0.0383,-0.1164,-0.0562,-0.0181,0.4963,0.0037,-0.1777,0.0288,0.1451,0.172,0.1727,0.1643,0.2341,0.3073,0.3742,0.2723,0.2885,0.0668,0.0687,0.1558,0.0822,0.0579,-0.1808,-0.3583,-0.2832,-0.344,-0.382,-0.2408,-0.4048,-0.4043,-0.3832,-0.4178,-0.082,-0.1755,-0.0859,-0.0953,-0.1968,0.7437,0.9688,0.9016,0.9836,1,0.8968,0.4289,0.84,0.6725,0.7279,0.8184,0.5699,0.1002,0.4558,0.3311,0.4313,0.4067,0.2116,-0.3271,-0.3953,-0.2523,-0.2842,-0.4158,-0.5588
H1A2,0.0213,0.0846,0.0739,0.6903,0.4085,-0.1553,-0.0635,-0.1287,-0.1142,-0.1137,-0.122,0.0761,-0.0623,-0.1145,-0.0027,0.0343,0.1964,-0.1305,-0.1089,-0.0648,-0.1156,0.581,0.7223,0.5996,0.8447,0.708,0.3767,-0.005,-0.0545,-0.0316,-0.0503,-0.1523,-0.1556,-0.1899,-0.1726,-0.1735,-0.1814,-0.1415,-0.1425,-0.0407,-0.1281,-0.0795,-0.0759,0.1994,0.0969,0.0308,0.0571,0.1513,0.622,-0.0297,0.1068,0.204,0.1402,0.1615,0.19,0.1965,0.3619,0.1824,0.2055,0.186,0.1887,0.2213,0.0406,0.0361,0.0654,0.0578,0.0442,-0.2478,-0.1865,-0.2232,-0.2231,-0.0084,-0.2404,-0.2251,-0.2169,-0.2204,0.0288,-0.0951,-0.05,-0.0003,-0.0674,0.8247,0.8529,0.7977,0.9335,0.8968,1,0.6621,0.8673,0.7644,0.8812,0.8996,0.8401,0.4305,0.5975,0.428,0.6568,0.6025,0.5351,-0.1268,-0.4229,-0.2239,-0.1961,-0.4055,-0.4495
H2TG,0.2686,-0.0486,-0.0407,0.374,0.369,-0.0363,0.1974,0.1948,0.1802,0.1767,0.2256,0.3005,0.191,0.1746,0.3193,0.3071,0.3953,-0.2013,-0.2853,-0.1198,-0.1567,0.9514,0.2489,0.0663,0.5268,0.3801,0.3407,0.2411,0.1962,0.2635,0.2748,0.1571,0.1339,0.1335,0.1529,0.1414,0.1485,0.1719,0.2616,0.2426,0.2066,0.254,0.2896,0.3061,0.3817,0.1867,0.3905,0.1111,0.4778,-0.2188,0.3307,0.4313,0.1536,-0.0552,0.2137,0.2198,0.4596,0.0918,-0.0654,0.1772,0.1476,0.4866,0.1204,-0.2816,0.1531,0.1625,0.3013,-0.1013,-0.1299,-0.0698,-0.0336,0.1936,-0.0857,-0.1136,-0.0651,-0.0417,-0.0191,-0.1668,-0.2245,-0.1197,-0.0855,0.8638,0.3112,0.2013,0.4493,0.4289,0.6621,1,0.5311,0.3378,0.577,0.5849,0.6977,0.8506,0.3116,0.1964,0.5051,0.4578,0.5294,0.3035,-0.4538,-0.2618,-0.1438,-0.3567,-0.2769
H2CH,-0.1737,0.1162,0.0629,0.8179,0.5225,-0.2093,-0.2579,-0.2963,-0.2744,-0.2989,-0.265,-0.1139,-0.1403,-0.1944,-0.1542,-0.0499,0.0241,-0.0852,-0.071,-0.0254,-0.1579,0.4084,0.9028,0.7264,0.9373,0.8392,0.465,-0.219,-0.2818,-0.257,-0.2721,-0.3111,-0.3367,-0.3802,-0.3685,-0.2829,-0.3353,-0.3095,-0.2963,-0.084,-0.2038,-0.1731,-0.15,0.238,0.1366,-0.0628,0.0755,-0.029,0.4539,0.025,-0.0663,0.103,0.2004,0.1569,0.2396,0.2185,0.2442,0.3055,0.3634,0.3077,0.2922,0.1126,0.1711,0.1974,0.1942,0.1519,-0.1165,-0.2552,-0.1318,-0.2343,-0.2744,-0.2318,-0.3526,-0.3224,-0.3312,-0.3623,-0.1011,-0.176,-0.0924,-0.0882,-0.182,0.642,0.8298,0.7992,0.87,0.84,0.8673,0.5311,1,0.8498,0.8978,0.9466,0.7537,0.2738,0.784,0.6372,0.7608,0.7248,0.5379,-0.2369,-0.1714,0.0308,-0.0533,-0.1837,-0.2648
H2FC,-0.0576,0.2824,0.2536,0.838,0.6476,-0.0505,-0.1343,-0.1661,-0.1471,-0.1869,-0.1405,-0.0411,-0.0201,-0.035,0.0056,0.0567,0.114,0.0183,0.0931,0.0754,0.0163,0.2453,0.82,0.8085,0.8828,0.8516,0.6197,-0.1674,-0.1792,-0.2194,-0.2491,-0.1524,-0.1648,-0.2161,-0.2219,-0.1239,-0.1708,-0.1714,-0.2,0.0078,-0.1007,-0.0399,-0.0769,0.2891,-0.0427,-0.0536,0.0155,0.1309,0.3596,-0.0584,0.0464,0.0905,0.087,0.2255,0.1366,0.1405,0.1728,0.0356,0.1929,0.019,0.0334,0.0465,-0.0109,0.2577,0.0176,-0.0061,0.0489,-0.103,0.0576,-0.077,-0.0911,-0.0802,-0.2048,-0.1229,-0.182,-0.1933,0.0128,-0.0819,0.0234,0.0133,-0.0741,0.4084,0.6791,0.7963,0.7466,0.6725,0.7644,0.3378,0.8498,1,0.9143,0.8873,0.7597,0.2393,0.9045,0.843,0.8582,0.8308,0.6605,-0.2156,0.0058,0.298,0.1119,0.0488,-0.0772
H2PL,0.0633,0.1688,0.1228,0.8382,0.6588,-0.1163,-0.0282,-0.078,-0.057,-0.0737,-0.0505,0.0902,-0.0029,-0.0309,0.0631,0.1177,0.193,-0.1226,-0.0997,-0.0442,-0.0846,0.5012,0.7843,0.6922,0.9383,0.8512,0.6353,-0.0088,-0.044,-0.0499,-0.0734,-0.1149,-0.1174,-0.1644,-0.1526,-0.1167,-0.1358,-0.1154,-0.1355,0.0479,-0.0688,0.0051,-0.0136,0.3756,0.1228,0.0961,0.1518,0.1213,0.4248,0.0057,0.1444,0.2108,0.0528,0.1286,0.1211,0.1207,0.2551,0.0079,0.0868,0.0134,0.017,0.1331,-0.0615,0.0585,-0.0262,-0.0501,0.085,-0.155,-0.0745,-0.1218,-0.1272,-0.0121,-0.1884,-0.1541,-0.1605,-0.1731,0.0206,-0.0972,-0.0521,0.0075,-0.0584,0.6182,0.701,0.7259,0.8049,0.7279,0.8812,0.577,0.8978,0.9143,1,0.9597,0.899,0.481,0.8794,0.7171,0.9183,0.8797,0.749,-0.0501,-0.1294,0.1017,0.0904,-0.0841,-0.1661
H2A1,-0.0334,0.122,0.1072,0.8325,0.5319,-0.1745,-0.1235,-0.1869,-0.1547,-0.1842,-0.1482,-0.0029,-0.0508,-0.1266,-0.0573,0.0498,0.1298,-0.1434,-0.1026,-0.0712,-0.1358,0.4783,0.8288,0.727,0.9347,0.8508,0.4944,-0.0872,-0.1367,-0.1364,-0.1579,-0.1989,-0.2174,-0.2542,-0.2533,-0.1999,-0.2386,-0.206,-0.2208,-0.0435,-0.173,-0.1052,-0.1102,0.2958,0.0647,-0.0054,0.0813,0.0669,0.419,0.0426,0.0385,0.18,0.0872,0.1446,0.1495,0.1579,0.286,0.1029,0.1835,0.1003,0.1118,0.1483,-0.0108,0.1132,0.023,-0.0007,0.012,-0.2285,-0.1129,-0.1974,-0.2167,-0.1138,-0.3003,-0.2679,-0.2739,-0.2908,-0.0525,-0.1626,-0.1074,-0.0643,-0.1387,0.6963,0.7901,0.7768,0.8707,0.8184,0.8996,0.5849,0.9466,0.8873,0.9597,1,0.8291,0.3949,0.8168,0.666,0.8388,0.8213,0.6209,-0.1755,-0.2261,0.0215,-0.0463,-0.1707,-0.3093
H2A2,0.2853,0.1844,0.1444,0.662,0.7328,0.0299,0.2312,0.1562,0.163,0.2074,0.1502,0.327,0.1316,0.0583,0.315,0.2439,0.3584,-0.0716,-0.1141,0.0021,0.0062,0.6598,0.5657,0.4362,0.7662,0.6705,0.7223,0.2675,0.2349,0.2579,0.2488,0.0958,0.0981,0.065,0.0973,0.0702,0.0975,0.1209,0.1238,0.1729,0.0683,0.1771,0.1431,0.3599,0.1538,0.3027,0.1985,0.3461,0.6138,0.0088,0.3696,0.3226,0.0584,0.0777,0.1171,0.1451,0.3496,-0.0048,-0.0006,0.0176,0.0235,0.2717,-0.0227,-0.0922,0.0051,0.0106,0.2272,0.0172,-0.0463,0.0484,0.0724,0.187,0.069,0.0448,0.0945,0.091,0.1231,0.0354,0.024,0.1241,0.0938,0.6555,0.5266,0.5165,0.6487,0.5699,0.8401,0.6977,0.7537,0.7597,0.899,0.8291,1,0.7007,0.7206,0.5756,0.8307,0.7829,0.8869,0.2171,-0.1804,-0.0211,0.1381,-0.1687,-0.0679
H3TG,0.4883,0.0343,0.0252,0.2427,0.527,0.1186,0.4594,0.4732,0.4335,0.5093,0.4427,0.5097,0.3722,0.3724,0.5701,0.4788,0.5104,-0.1538,-0.2439,-0.0755,-0.0234,0.9135,0.0087,-0.0932,0.3429,0.2389,0.5262,0.4678,0.4904,0.5242,0.5344,0.3874,0.3969,0.386,0.4284,0.3447,0.4239,0.3934,0.45,0.3725,0.3673,0.4543,0.4268,0.3578,0.4356,0.5039,0.4938,0.3492,0.3757,-0.2105,0.5274,0.5058,0.0597,-0.0569,0.1302,0.1509,0.3914,-0.1716,-0.2964,-0.0811,-0.1028,0.4491,-0.0517,-0.3603,-0.0171,0.0081,0.4695,0.2092,-0.0097,0.2466,0.2993,0.3897,0.2738,0.171,0.3016,0.3026,0.0934,-0.042,-0.1333,-0.0032,0.0682,0.6012,-0.0062,-0.0554,0.1545,0.1002,0.4305,0.8506,0.2738,0.2393,0.481,0.3949,0.7007,1,0.3125,0.22,0.5294,0.4882,0.7375,0.6875,-0.1686,-0.1006,0.2408,-0.1248,0.065
H3CH,-0.0044,0.3082,0.2126,0.8624,0.7876,-0.0043,-0.0876,-0.1131,-0.0905,-0.1406,-0.0735,0.0096,0.018,0.0549,0.0658,0.1192,0.1456,0.047,0.0762,0.1167,0.046,0.2376,0.7793,0.7138,0.8691,0.8715,0.7632,-0.1192,-0.1311,-0.1592,-0.1836,-0.1124,-0.1249,-0.1627,-0.1779,-0.0869,-0.1354,-0.1405,-0.1637,0.0494,-0.0543,0.0038,-0.0219,0.3512,0.0515,-0.0122,0.0892,0.0966,0.1978,0.027,0.1041,0.1832,0.104,0.2087,0.1691,0.1535,0.1669,-0.0093,0.1349,-0.0071,-0.0083,0.0702,0.0084,0.2588,0.0444,0.0041,0.0865,-0.0164,0.1605,0.0114,-0.0079,-0.0655,-0.1453,-0.0495,-0.1248,-0.1375,-0.0051,-0.0846,0.0025,0.0047,-0.066,0.2633,0.4807,0.5783,0.5505,0.4558,0.5975,0.3116,0.784,0.9045,0.8794,0.8168,0.7206,0.3125,1,0.893,0.9563,0.948,0.7481,-0.0757,0.2442,0.4848,0.3294,0.3031,0.1842
H3FC,-0.0356,0.4255,0.4051,0.8099,0.7439,0.1555,-0.0948,-0.1052,-0.0758,-0.1357,-0.052,-0.0453,0.0687,0.0521,0.0843,0.1052,0.1636,0.2251,0.2823,0.2838,0.2074,0.139,0.7057,0.7561,0.7427,0.8197,0.7132,-0.1725,-0.1705,-0.1954,-0.219,-0.0114,-0.0508,-0.0889,-0.1101,0.0304,-0.0495,-0.0833,-0.0819,0.0502,-0.0126,0.0205,-0.0065,0.2344,-0.0749,-0.1031,0.01,0.0578,0.1369,-0.0663,0.0896,0.1581,0.1598,0.2593,0.203,0.2149,0.1843,0.0633,0.227,0.058,0.0756,0.1313,0.1402,0.4005,0.1722,0.1429,0.1291,0.109,0.3101,0.13,0.1109,-0.0614,-0.0821,0.0387,-0.0666,-0.0738,0.0144,-0.0199,0.1052,0.0421,-0.0245,0.1442,0.3728,0.5341,0.4156,0.3311,0.428,0.1964,0.6372,0.843,0.7171,0.666,0.5756,0.22,0.893,1,0.8255,0.8588,0.6424,-0.0683,0.3637,0.6951,0.3869,0.4508,0.3027
H3PL,0.1273,0.2384,0.1585,0.8026,0.7843,0.0015,0.0405,0.007,0.0247,-0.0143,0.0463,0.1287,0.0948,0.1121,0.1749,0.2128,0.2542,-0.0403,-0.0347,0.049,0.0129,0.4313,0.6669,0.5935,0.8598,0.8127,0.7707,0.0307,0.0121,-0.0014,-0.0191,0.0002,-0.0087,-0.0478,-0.0507,-0.004,-0.037,-0.0328,-0.0395,0.1129,0.0113,0.0884,0.0623,0.41,0.1236,0.0887,0.1891,0.1218,0.262,-0.0183,0.2175,0.2798,0.0628,0.1289,0.1411,0.1408,0.248,-0.0756,0.0048,-0.0503,-0.0514,0.1758,-0.0415,0.0872,0.0028,-0.0228,0.195,-0.027,0.0951,0.009,0.0141,0.0529,-0.106,-0.0366,-0.0805,-0.0802,0.0267,-0.0896,-0.0493,0.0035,-0.0392,0.3913,0.4163,0.4828,0.5338,0.4313,0.6568,0.5051,0.7608,0.8582,0.9183,0.8388,0.8307,0.5294,0.9563,0.8255,1,0.9757,0.8337,0.0527,0.0959,0.3533,0.29,0.1828,0.1069
H3A1,0.1471,0.2856,0.2216,0.848,0.7839,0.0421,0.0582,0.0156,0.0521,-0.0052,0.0765,0.1473,0.1206,0.1113,0.1844,0.2252,0.2598,-0.003,0.0128,0.0834,0.0467,0.3945,0.6833,0.6428,0.8423,0.8557,0.7682,0.0432,0.0243,0.0061,-0.0128,0.0149,0.005,-0.0185,-0.048,0.0267,-0.0153,-0.0035,-0.0218,0.1202,0.0128,0.0967,0.0696,0.4055,0.0575,0.0731,0.1465,0.1554,0.1948,0.0636,0.2275,0.3245,0.0778,0.1716,0.157,0.1701,0.2663,-0.0664,0.0398,-0.0555,-0.0394,0.1853,-0.035,0.14,0.008,-0.0166,0.1733,-0.0083,0.1359,0.0241,0.0255,0.0166,-0.115,-0.0339,-0.0935,-0.0919,0.03,-0.08,-0.041,0.008,-0.034,0.3757,0.4054,0.4672,0.5077,0.4067,0.6025,0.4578,0.7248,0.8308,0.8797,0.8213,0.7829,0.4882,0.948,0.8588,0.9757,1,0.7956,0.045,0.1752,0.4422,0.3244,0.2968,0.1627
H3A2,0.3756,0.2687,0.1968,0.5554,0.8804,0.1535,0.3534,0.3099,0.294,0.3677,0.2686,0.4109,0.2539,0.2284,0.4756,0.3529,0.3831,0.019,-0.0392,0.0813,0.1085,0.5522,0.3852,0.2878,0.5905,0.5544,0.8815,0.3451,0.3579,0.3591,0.3512,0.2328,0.2446,0.2118,0.2491,0.2068,0.2618,0.239,0.236,0.2685,0.1897,0.3135,0.2427,0.3755,0.1845,0.4291,0.2611,0.4276,0.4395,-0.0037,0.4618,0.3412,0.0454,0.0843,0.1049,0.1224,0.2599,-0.1507,-0.1193,-0.1163,-0.1191,0.2287,-0.0576,-0.0645,-0.0309,-0.0254,0.3235,0.2643,0.1336,0.2955,0.3213,0.2578,0.2848,0.2363,0.3097,0.2927,0.1166,0.0683,0.0458,0.1364,0.1359,0.3425,0.1898,0.2483,0.3098,0.2116,0.5351,0.5294,0.5379,0.6605,0.749,0.6209,0.8869,0.7375,0.7481,0.6424,0.8337,0.7956,1,0.4478,0.1386,0.2251,0.444,0.1235,0.2998
H4TG,0.4465,0.0534,0.0241,-0.1184,0.3476,0.211,0.5078,0.5931,0.5209,0.7077,0.4735,0.4825,0.3562,0.4265,0.5599,0.3852,0.3397,-0.02,-0.1074,-0.0004,0.0799,0.5415,-0.3269,-0.3338,-0.1429,-0.1374,0.3512,0.4546,0.5648,0.5745,0.5906,0.4408,0.4882,0.4754,0.5441,0.4396,0.5899,0.4776,0.5039,0.3899,0.4561,0.5149,0.4511,0.194,0.5136,0.7587,0.503,0.4935,0.1127,-0.188,0.451,0.3231,-0.0033,-0.0761,0.0248,0.0192,0.0926,-0.2599,-0.3505,-0.1901,-0.226,0.1981,-0.0947,-0.3038,-0.0847,-0.0702,0.3806,0.5678,0.0826,0.5873,0.6088,0.3787,0.6697,0.4371,0.6932,0.6247,0.1741,0.1139,0.0233,0.1008,0.1848,0.0792,-0.3766,-0.3809,-0.3052,-0.3271,-0.1268,0.3035,-0.2369,-0.2156,-0.0501,-0.1755,0.2171,0.6875,-0.0757,-0.0683,0.0527,0.045,0.4478,1,0.3239,0.0515,0.6555,0.1977,0.4831
H4CH,-0.0471,0.3249,0.2097,0.2074,0.4212,0.234,0.0052,0.0683,0.0662,0.1143,0.0367,-0.0405,0.0092,0.1751,0.0806,-0.0077,-0.0844,0.3273,0.3121,0.3077,0.2617,-0.3085,0.1212,0.1844,-0.0209,0.1916,0.4134,-0.1164,-0.0373,-0.0606,-0.0613,0.0397,0.0484,0.0433,0.0395,0.1274,0.1336,0.0404,0.023,0.101,0.1231,0.1191,0.079,0.0573,0.106,0.1662,0.0592,0.1898,-0.2725,0.1142,0.0098,-0.0219,0.0629,0.1372,0.0553,0.0217,-0.183,-0.0529,0.0661,-0.0662,-0.0834,-0.1781,0.0929,0.3187,0.0886,0.04,-0.0357,0.5052,0.4004,0.4953,0.4442,-0.086,0.4081,0.37,0.4028,0.33,0.0751,0.1638,0.2277,0.144,0.1188,-0.5496,-0.2701,-0.1533,-0.3456,-0.3953,-0.4229,-0.4538,-0.1714,0.0058,-0.1294,-0.2261,-0.1804,-0.1686,0.2442,0.3637,0.0959,0.1752,0.1386,0.3239,1,0.7894,0.8569,0.8959,0.8827
H4FC,-0.0263,0.4462,0.4044,0.4232,0.5042,0.328,-0.0359,0.0241,0.0541,-0.0369,0.0924,-0.0571,0.119,0.2399,0.1296,0.1028,0.0975,0.3819,0.4269,0.4026,0.355,-0.2338,0.2809,0.4163,0.2085,0.4178,0.4888,-0.1956,-0.1288,-0.1783,-0.1919,0.1201,0.1024,0.1101,0.0319,0.223,0.1508,0.0809,0.0806,0.1512,0.1715,0.1494,0.1324,0.1215,-0.0745,-0.1464,-0.0155,0.0548,-0.2833,-0.0604,0.0638,0.0993,0.1086,0.2341,0.1244,0.1268,-0.0356,-0.0421,0.1164,-0.049,-0.0399,0.0041,0.14,0.4305,0.1568,0.1206,0.1316,0.3091,0.5194,0.3101,0.2917,0.0169,0.1599,0.3278,0.1529,0.1606,0.1182,0.1442,0.2733,0.149,0.1207,-0.3802,-0.1497,0.0298,-0.1798,-0.2523,-0.2239,-0.2618,0.0308,0.298,0.1017,0.0215,-0.0211,-0.1006,0.4848,0.6951,0.3533,0.4422,0.2251,0.0515,0.7894,1,0.6058,0.8731,0.7082
H4PL,0.0488,0.2128,0.1013,0.2198,0.5363,0.1544,0.1103,0.1924,0.1497,0.303,0.1038,0.0761,0.0649,0.224,0.2082,0.0839,0.0494,0.1652,0.1417,0.1844,0.1608,0.0434,0.0857,0.1264,0.1163,0.216,0.5217,0.0122,0.1294,0.1105,0.1158,0.1111,0.1382,0.1055,0.1551,0.1558,0.2342,0.0964,0.0964,0.13,0.1599,0.1988,0.1279,0.1292,0.3308,0.4672,0.2688,0.3826,-0.0331,-0.057,0.1062,0.0974,0.0281,0.0709,0.0499,0.0223,-0.0549,-0.1349,-0.0756,-0.1158,-0.1382,-0.0275,0.0178,0.1427,0.0325,-0.0036,0.154,0.6334,0.2987,0.6464,0.6088,0.0322,0.5453,0.3804,0.5675,0.4508,0.0601,0.0477,0.0861,0.0531,0.051,-0.3131,-0.2296,-0.1351,-0.2215,-0.2842,-0.1961,-0.1438,-0.0533,0.1119,0.0904,-0.0463,0.1381,0.2408,0.3294,0.3869,0.29,0.3244,0.444,0.6555,0.8569,0.6058,1,0.679,0.7804
H4A1,0.1291,0.4498,0.3705,0.3257,0.4472,0.3793,0.1348,0.1754,0.2097,0.1451,0.2115,0.066,0.1654,0.3057,0.196,0.1463,0.0776,0.3807,0.3713,0.3749,0.3665,-0.253,0.1206,0.2399,0.0182,0.296,0.4587,0.0006,0.0447,0.0152,0.0086,0.2085,0.1995,0.2093,0.166,0.2936,0.2445,0.1987,0.179,0.2288,0.2391,0.236,0.21,0.1627,-0.0494,0.0014,0.0288,0.1218,-0.3964,0.1058,0.1793,0.083,0.0219,0.1479,0.0294,0.019,-0.1322,-0.1756,-0.04,-0.192,-0.185,-0.0998,0.0166,0.2734,0.0208,-0.0128,0.086,0.3789,0.4877,0.3707,0.3535,0.0776,0.3202,0.4153,0.3045,0.3059,0.1939,0.2639,0.3064,0.2486,0.2312,-0.4686,-0.3041,-0.1574,-0.3547,-0.4158,-0.4055,-0.3567,-0.1837,0.0488,-0.0841,-0.1707,-0.1687,-0.1248,0.3031,0.4508,0.1828,0.2968,0.1235,0.1977,0.8959,0.8731,0.679,1,0.848
H4A2,0.2391,0.37,0.2517,0.1167,0.5777,0.4012,0.2921,0.3231,0.3125,0.3486,0.282,0.2449,0.2237,0.3351,0.3706,0.2081,0.1248,0.3551,0.2659,0.3342,0.3435,-0.1283,-0.0542,-0.0423,-0.1275,0.0867,0.5945,0.1877,0.241,0.2469,0.2542,0.3014,0.3075,0.3139,0.3186,0.3595,0.3765,0.3162,0.3198,0.2826,0.3163,0.331,0.2877,0.0967,0.0745,0.2416,0.0877,0.2895,-0.1504,0.0837,0.3079,0.1053,0.0453,0.0459,0.0324,0.0207,-0.1423,-0.1306,-0.0797,-0.1128,-0.1404,-0.0773,0.0892,0.1022,0.0776,0.0584,0.0957,0.4989,0.3944,0.4872,0.4839,0.1664,0.5328,0.5229,0.5175,0.5041,0.215,0.3446,0.3518,0.3122,0.3255,-0.499,-0.4609,-0.3449,-0.5037,-0.5588,-0.4495,-0.2769,-0.2648,-0.0772,-0.1661,-0.3093,-0.0679,0.065,0.1842,0.3027,0.1069,0.1627,0.2998,0.4831,0.8827,0.7082,0.7804,0.848,1